gene,baseMean,log2FoldChange,lfcSE,stat,pvalue,padj,uniprot_id,ipath_id
AT1G01070,150.95293595857038,-1.5669206329410277,0.28766970256643054,-5.446943557009394,5.1242714964226565e-8,3.98827351537089e-6,Q5XEZ0,UNIPROT:Q5XEZ0
AT1G01640,291.28525585789606,-1.5252439993037756,0.33762880271785695,-4.517517424537864,6.25688806795172e-6,2.0261724617179092e-4,A0A2H1ZE92,UNIPROT:A0A2H1ZE92
AT1G02360,847.8815916922568,-1.0719187935960874,0.28930392950693035,-3.7051649987022017,2.1125316950295752e-4,0.0033816987864193292,A0A178WGG8,UNIPROT:A0A178WGG8
AT1G02520,339.02122659518506,-1.1250514992607004,0.25572426738895254,-4.399471003467633,1.0851507510930789e-5,3.185037399599725e-4,Q9FWX7,UNIPROT:Q9FWX7
AT1G02580,49.48712303647465,-1.7247855042900615,0.36068489386670133,-4.781973222664247,1.7358280597225445e-6,6.946697719148503e-5,A0A1P8AVN9,UNIPROT:A0A1P8AVN9
AT1G02860,300.93595206965136,-1.19152486828707,0.2521804556276588,-4.724889822732105,2.3024015132362803e-6,8.85306721554618e-5,A0A1P8AR01,UNIPROT:A0A1P8AR01
AT1G03010,38.496467642198745,-2.065466371147414,0.42846970965690856,-4.820565665660027,1.4315172529885538e-6,6.062059271520572e-5,A0A1P8AM10,UNIPROT:A0A1P8AM10
AT1G03090,1049.3057378565816,-1.4906229260502006,0.185049527058666,-8.055264716119108,7.930698334888052e-16,6.629770078398452e-13,Q42523,UNIPROT:Q42523
AT1G03840,53.713568799381605,-1.321663685034242,0.38329218315605035,-3.4481884659154423,5.643600951275704e-4,0.007249955439456114,Q9ZWA6,UNIPROT:Q9ZWA6
AT1G03850,854.4720675097732,-1.2093953765052632,0.24691236072725506,-4.898075466708565,9.677986732280738e-7,4.430868935787191e-5,A0A178WH08,UNIPROT:A0A178WH08
AT1G05147,113.89055180836917,-2.226205037407207,0.3708661892920024,-6.0027176962589035,1.9404183186905853e-9,2.5463477832072793e-7,NA,NA
AT1G05570,2700.161303047363,-1.0246374284047177,0.19544009244340638,-5.2427187052289295,1.582276689465483e-7,1.011715783510635e-5,F4I8T3,UNIPROT:F4I8T3
AT1G05700,197.54545042541338,-1.53181299878706,0.2986173525163602,-5.129685150172702,2.9022719013979924e-7,1.692691966058245e-5,A0A1P8AQG2,UNIPROT:A0A1P8AQG2
AT1G06090,43.882078019417065,-1.7667598839295988,0.4446545181173416,-3.9733316809869046,7.087424753636338e-5,0.0014615223997262586,A0A178W8C2,UNIPROT:A0A178W8C2
AT1G06570,1576.5871173746345,-1.6629591964214079,0.26058015081564084,-6.381756980400027,1.750676331026852e-10,3.348687751492125e-8,A0A178WHQ7,UNIPROT:A0A178WHQ7
AT1G07560,64.90209818797135,-1.3811847979541563,0.337754552964412,-4.089315113095417,4.326487655546013e-5,9.765315287332906e-4,C0LGD9,UNIPROT:C0LGD9
AT1G07590,23270.5073209462,-1.4574902899809132,0.28699569828115123,-5.0784394982572305,3.80547574461553e-7,2.0747196384472736e-5,Q940Q2,UNIPROT:Q940Q2
AT1G07600,493.5441287209462,-1.490434029917853,0.23816281701839273,-6.258046695016839,3.898291120727562e-10,6.665782491359228e-8,P43392,UNIPROT:P43392
AT1G07610,2383.2867531002216,-1.0825958565970903,0.25554793994278263,-4.236370901050834,2.271614289567352e-5,5.754501249138575e-4,Q38804,UNIPROT:Q38804
AT1G08670,88.65013628914538,-1.9695650170753816,0.3111959848551142,-6.32901808804624,2.4672619002038315e-10,4.419727646785768e-8,A0A1P8ART5,UNIPROT:A0A1P8ART5
AT1G08803,403.19065481606884,-1.859803670382145,0.30243532378957805,-6.149426089116889,7.776381323474099e-10,1.1779912943096234e-7,NA,NA
AT1G09090,343.5789370664339,-1.5361878246009106,0.2903884700918836,-5.290113013491327,1.2224080368786544e-7,8.285577117233667e-6,F4HZD8,UNIPROT:F4HZD8
AT1G09460,1287.7645837154164,-1.0076284993156688,0.23275325207141911,-4.329170442724827,1.4967206487704265e-5,4.1198148491947926e-4,A0A178WHF5,UNIPROT:A0A178WHF5
AT1G10070,353.2110223177863,-2.4749370478305877,0.29511144156579106,-8.386448979067572,5.010470224497363e-17,4.917014062483912e-14,Q2V4P2,UNIPROT:Q2V4P2
AT1G10340,51.953748993571736,-1.5564205976447223,0.34376227586754105,-4.527607323162023,5.965530491331394e-6,1.942972420199724e-4,A0A178WFS3,UNIPROT:A0A178WFS3
AT1G10682,1542.8330755891789,-1.3295095067091687,0.3735515288085374,-3.55910605144546,3.721192579623713e-4,0.005226573597678085,NA,NA
AT1G11080,31.149661204449167,-2.2709154133963456,0.5704474676409761,-3.980936970037699,6.864415105873972e-5,0.001426673235310142,F4I7C9,UNIPROT:F4I7C9
AT1G11185,122.59038246290501,-1.2977597729023136,0.3225394631378406,-4.023568962002341,5.732278875871938e-5,0.001228710982975361,NA,NA
AT1G11260,3993.4444879428947,-1.0311266141785516,0.1777564471214535,-5.800783211390505,6.600589017900042e-9,7.303034055050091e-7,P23586,UNIPROT:P23586
AT1G11450,92.3940361951015,-1.3865555375945826,0.337158248117952,-4.112476990654868,3.914364944458238e-5,8.983834938879945e-4,A0A1P8AM13,UNIPROT:A0A1P8AM13
AT1G11580,7528.1453272520985,-1.2452574139299533,0.32768996411131424,-3.8001084876281017,1.4463275564668474e-4,0.0025189088948312666,A0A1P8ARX5,UNIPROT:A0A1P8ARX5
AT1G12010,391.54007483982883,-2.32836966289053,0.4174227788136907,-5.577965029861862,2.4334855907182533e-8,2.17099617660481e-6,O65378,UNIPROT:O65378
AT1G13080,649.8724605882652,-1.119892251707656,0.21259025161271114,-5.267843860252977,1.3803543494241046e-7,9.109935093816219e-6,O65788,UNIPROT:O65788
AT1G13300,646.302337811694,-1.272672945269231,0.26188062842574517,-4.8597445061885916,1.175373389058859e-6,5.1613526779080746e-5,Q9FX67,UNIPROT:Q9FX67
AT1G13360,1707.2921235284869,-1.1208382538497466,0.2948284496016443,-3.801662476481359,1.4372843823899558e-4,0.002505092339376347,F4HQS0,UNIPROT:F4HQS0
AT1G13520,66.49786426933498,-1.3007372628000755,0.3443718234660211,-3.7771303404223437,1.5864571807566909e-4,0.002710668056537416,Q9FZ72,UNIPROT:Q9FZ72
AT1G14080,92.33873885032342,-1.02111277046344,0.2925253866207179,-3.4906808679391395,4.8179137724461334e-4,0.006419429265518399,A0A178W536,UNIPROT:A0A178W536
AT1G14160,123.50034299857424,-2.3015877330648817,0.3483211454150067,-6.6076600957505995,3.904418598333199e-11,1.0014390020793027e-8,A0A178WLP8,UNIPROT:A0A178WLP8
AT1G14455,24.388832029887663,-1.7190304151504132,0.5145792049170809,-3.3406527094840865,8.358170142692827e-4,0.009897809983773338,A0A178WFP3,UNIPROT:A0A178WFP3
AT1G14480,100.53833481392293,-1.0941067030210792,0.2690609508413261,-4.066389788633094,4.774704973106072e-5,0.0010594870862721103,F4HW68,UNIPROT:F4HW68
AT1G15040,415.99619955960924,-2.2071093748616444,0.38576151089297844,-5.721434908714782,1.0562812574098205e-8,1.0739335252701378e-6,Q8H0Z4,UNIPROT:Q8H0Z4
AT1G15380,739.4576549978992,-2.7148548175119624,0.2601612630025027,-10.435276897797987,1.7111413875465443e-25,6.4370287097188425e-22,Q9XI31,UNIPROT:Q9XI31
AT1G16120,42.246364493104615,-1.3507814749332887,0.39534938641355416,-3.416677807918253,6.339025296388191e-4,0.007937892440450635,Q9S9M5,UNIPROT:Q9S9M5
AT1G16130,168.43497342724606,-1.0915713594930285,0.2211500187860561,-4.935886352101246,7.978756132755849e-7,3.83167031217941e-5,Q7X8C5,UNIPROT:Q7X8C5
AT1G16150,34.631400014970765,-1.6894643137705476,0.4548258929952861,-3.7145297569680307,2.0358191391887674e-4,0.003283762743482805,Q9S9M2,UNIPROT:Q9S9M2
AT1G16310,83.45912103435046,-1.1935920171305265,0.3409361087873968,-3.500925793327555,4.636449257404129e-4,0.006251451385237073,A0A1P8ASU5,UNIPROT:A0A1P8ASU5
AT1G17345,76.91156249446519,-1.2191470404659464,0.33065316234622455,-3.6870871937688783,2.2683564949865017e-4,0.003570367813691794,Q9LQI6,UNIPROT:Q9LQI6
AT1G18270,2348.9202994284947,-1.0093304111082535,0.16773207566097278,-6.01751577407505,1.7711406072707027e-9,2.4064046966239747e-7,A0A1P8AVD8,UNIPROT:A0A1P8AVD8
AT1G18382,102.41487634145939,-1.3964287729640013,0.28184049109780496,-4.9546776175585405,7.245030928694637e-7,3.509175817415593e-5,NA,NA
AT1G18390,469.48743297866963,-1.144797712905005,0.23205829618807453,-4.933233294004665,8.08794551168984e-7,3.86288181591562e-5,P0C5E2,UNIPROT:P0C5E2
AT1G18860,97.22612108541631,-1.5076286997714337,0.36556881949333014,-4.124062609773372,3.722476363558631e-5,8.644034362333525e-4,A0A2H1ZEC2,UNIPROT:A0A2H1ZEC2
AT1G18880,786.4488188547347,-1.7443436793512959,0.22702183852680258,-7.683594189311244,1.5468613927692987e-14,8.952361152870729e-12,Q9M9V7,UNIPROT:Q9M9V7
AT1G18970,369.9462111590628,-1.3343316006048251,0.2351666612669324,-5.673982840153755,1.3951511342756762e-8,1.3573257005058743e-6,P92995,UNIPROT:P92995
AT1G19530,9129.349332708143,-1.8666960667900019,0.26124281720896253,-7.145444558947899,8.970509207880201e-13,3.6155957737690004e-10,Q93WK6,UNIPROT:Q93WK6
AT1G19660,942.2533320345211,-1.065351719215032,0.22149984094178077,-4.809717761806655,1.5114355630948656e-6,6.241062754236029e-5,A0A1P8AVM3,UNIPROT:A0A1P8AVM3
AT1G20160,1286.2161771743931,-2.04469564986281,0.37609748521769987,-5.436610799668763,5.4303575912295103e-8,4.184812402735013e-6,A0A1P8AUU9,UNIPROT:A0A1P8AUU9
AT1G20700,40.443543503620944,-1.6320548024441235,0.4889230867666359,-3.338060416081573,8.436540338729373e-4,0.00995405917331211,A0A1P8AUU8,UNIPROT:A0A1P8AUU8
AT1G21100,1028.8522059201996,-2.0412375854059155,0.3588266462905268,-5.688645496391624,1.2805098384327589e-8,1.256625546228948e-6,Q9LPU5,UNIPROT:Q9LPU5
AT1G21360,105.68756215291666,-1.3804780878017113,0.32091411798790853,-4.301705691407834,1.6948833609657852e-5,4.495324599337102e-4,A0A1P8APC1,UNIPROT:A0A1P8APC1
AT1G21680,2555.272462571296,-1.6506399411949186,0.27483336638588035,-6.005966316612861,1.901956776714066e-9,2.525239200424305e-7,Q9XI10,UNIPROT:Q9XI10
AT1G22065,49.55173141513353,-1.7247383203287232,0.4450651712787613,-3.875248911014998,1.0651576305566627e-4,0.0019732296123626913,A0A178W896,UNIPROT:A0A178W896
AT1G22230,167.95159424105287,-1.0720995564404323,0.26866958599764973,-3.990401639468826,6.596150017593968e-5,0.0013798118818082804,NA,NA
AT1G22500,1058.8639699992893,-1.0632433193285593,0.24518208212508727,-4.33654576269612,1.4473930363701295e-5,4.018340494945903e-4,Q9SK92,UNIPROT:Q9SK92
AT1G22770,1433.8386165961676,-1.23906417040224,0.3000068609341495,-4.130119446415629,3.625748055589304e-5,8.454210677965514e-4,Q9SQI2,UNIPROT:Q9SQI2
AT1G22990,9.811241418993927,-3.722451921928986,1.0147490871877678,-3.668347149978947,2.4412356994212638e-4,0.0037624577017253994,A0A1P8AQB5,UNIPROT:A0A1P8AQB5
AT1G23120,123.78230217569745,-1.4366412443956629,0.3277662673658755,-4.383127208121097,1.1698775554554689e-5,3.398366319714979e-4,A0A1P8AW70,UNIPROT:A0A1P8AW70
AT1G23150,165.86264784651408,-1.377464645163478,0.2993731370862229,-4.6011631456657796,4.201381831978892e-6,1.454438486650239e-4,A0A178WHU0,UNIPROT:A0A178WHU0
AT1G23390,1135.1642368084404,-1.406403121397914,0.2339960661950929,-6.010370790700957,1.8509948391353532e-9,2.486833602031194e-7,C4PVY4,UNIPROT:C4PVY4
AT1G23760,444.77048258181065,-1.1519412535711597,0.22954154158158577,-5.018443483624188,5.209181310143e-7,2.6721916216190377e-5,P92982,UNIPROT:P92982
AT1G23800,446.5443670330682,-1.1665503261128225,0.3462923643432536,-3.368686249623768,7.552734952302016e-4,0.009082556030545079,A0A178WCA1,UNIPROT:A0A178WCA1
AT1G23850,254.44548647555436,-1.271475840310555,0.28243400547835085,-4.501851107330687,6.736416823823862e-6,2.153649633576889e-4,A0A178WH01,UNIPROT:A0A178WH01
AT1G23870,3845.808992199253,-1.1303619314949203,0.19762745638809903,-5.719660375910145,1.0673718592591694e-8,1.0803430598806598e-6,Q9LRA7,UNIPROT:Q9LRA7
AT1G26240,249.99533937896265,-2.871024109822233,0.4899091804585349,-5.860319063902971,4.619786603683672e-9,5.402756654494516e-7,Q9C668,UNIPROT:Q9C668
AT1G26250,3044.8525121881817,-1.472627149070209,0.29044137377381574,-5.070307752424531,3.971729336087226e-7,2.1446388240388705e-5,NA,NA
AT1G26255,2340.085466017132,-1.531935962681519,0.28873606779446587,-5.305661929884055,1.1226485586992079e-7,7.7490215958409245e-06,A0A1P8AQ67,UNIPROT:A0A1P8AQ67
AT1G26450,102.10619652271284,-1.1825928424095153,0.3054046369552342,-3.8722163952699193,1.0785013337930865e-4,0.001990421390436938,A0A178W3L2,UNIPROT:A0A178W3L2
AT1G27620,181.4254373210003,-1.1947669940549663,0.26860042446900917,-4.448120275375132,8.66250225930497e-6,2.671056536813832e-4,Q56YV6,UNIPROT:Q56YV6
AT1G29160,203.08018838845575,-1.0106176647912497,0.25135223382154837,-4.020722829576101,5.8019838347181994e-5,0.001241294569985066,P68350,UNIPROT:P68350
AT1G29280,1059.2214925064686,-1.152386111182551,0.23224671837120778,-4.961904819428507,6.980520238494826e-7,3.405591566617644e-5,Q700D1,UNIPROT:Q700D1
AT1G30080,169.4659308285793,-1.052106656515589,0.3023461976382802,-3.4798077989203104,5.017736157222154e-4,0.006658161246599719,A0A1P8ANI0,UNIPROT:A0A1P8ANI0
AT1G30720,660.7496495229043,-1.6927433695813183,0.3550464125832225,-4.767667858591702,1.8637070017430371e-6,7.362031922699731e-5,Q9SA87,UNIPROT:Q9SA87
AT1G30730,155.36409309330082,-1.3246551162515758,0.356013145880059,-3.720803941037202,1.9858957259322473e-4,0.0032270448113762965,Q9SA88,UNIPROT:Q9SA88
AT1G30760,839.2213597287115,-1.8554206105551112,0.30907219340423003,-6.003194885048877,1.934721604090729e-9,2.5463477832072793e-7,A0A1P8AT94,UNIPROT:A0A1P8AT94
AT1G30840,171.40656521681265,-1.2997935200626831,0.35530529116652154,-3.6582441983772953,2.539490278800026e-4,0.0038860227174776535,Q9SY29,UNIPROT:Q9SY29
AT1G30900,222.14585921517678,-1.1307401622454916,0.2450270079109277,-4.614757254255574,3.9355502653789e-6,1.379337034780546e-4,Q9FYH7,UNIPROT:Q9FYH7
AT1G31050,191.7919898422897,-1.9678204122367118,0.24979033474663667,-7.877888526922709,3.329595560266619e-15,2.3485094184618083e-12,A0A178W2Z2,UNIPROT:A0A178W2Z2
AT1G31760,99.85665479379637,-1.3408172138740904,0.2767961135164516,-4.844060839005956,1.2721195167465866e-6,5.511134282627103e-5,Q9C504,UNIPROT:Q9C504
AT1G31770,1633.7197659675353,-1.7950120697271101,0.24365984576328392,-7.3668768200361106,1.7467173964971442e-13,8.388331565178094e-11,Q9C6W5,UNIPROT:Q9C6W5
AT1G31950,108.19015108279264,-1.3033546337447068,0.27166717938933904,-4.7976153640436925,1.6056573363411124e-6,6.494855150278718e-5,A0A1P8AMI5,UNIPROT:A0A1P8AMI5
AT1G32450,5241.027156371356,-3.468312178899069,0.32010473307968906,-10.834929385550959,2.351467621832221e-27,1.3268743923093765e-23,Q9LQL2,UNIPROT:Q9LQL2
AT1G33750,93.8888127574111,-1.3681969534083673,0.3273762650404416,-4.179279622605966,2.924339444949868e-5,7.074519358195441e-4,Q9LQ27,UNIPROT:Q9LQ27
AT1G34670,19.48072407815768,-2.462241309224886,0.6301004361191087,-3.907696564043395,9.31802269829454e-5,0.001797581968574411,Q9S9Z2,UNIPROT:Q9S9Z2
AT1G35625,33.81421135580199,-1.7078971730258488,0.41178681934989464,-4.147527537967774,3.360850558314189e-5,7.968251885683776e-4,F4HZZ4,UNIPROT:F4HZZ4
AT1G44800,2506.813366940729,-1.789205087481834,0.22906393064100042,-7.810942047816157,5.676211149085976e-15,3.5588267179449877e-12,Q9LPF1,UNIPROT:Q9LPF1
AT1G45015,129.1757237801485,-1.4516146963560022,0.3407618035877791,-4.259910239564368,2.0450901570758915e-5,5.240107626006196e-4,F4HPM2,UNIPROT:F4HPM2
AT1G47670,650.1541281483089,-1.0466455125548435,0.19897701914890176,-5.260132637586658,1.4395152634621232e-7,9.427517866661747e-6,Q9SX98,UNIPROT:Q9SX98
AT1G48300,3467.261331676883,-1.0264446369933924,0.1714131449617847,-5.9881325742097005,2.122640167777342e-9,2.769370591150427e-7,Q9C5W0,UNIPROT:Q9C5W0
AT1G48750,1007.3232825458398,-1.801036087158043,0.41861265377877493,-4.302392846705107,1.6896338992599842e-5,4.4915464163013753e-4,A0A178WPD2,UNIPROT:A0A178WPD2
AT1G48760,1716.1374832539404,-1.0280465907550784,0.30639632008082657,-3.3552837399740385,7.928361923690965e-4,0.009455916662521602,Q9C744,UNIPROT:Q9C744
AT1G49160,118.64445533219283,-1.0051415777621222,0.29065345858502695,-3.4582130302367653,5.437712284222299e-4,0.007057769060792496,A0A1P8AQW9,UNIPROT:A0A1P8AQW9
AT1G49310,146.31151327999982,-1.5040252237417358,0.36722772054364455,-4.095620073329906,4.210399326508179e-5,9.522336993849309e-4,A0A178WLB3,UNIPROT:A0A178WLB3
AT1G49470,456.26485517262154,-1.6260133620713768,0.40668117358573214,-3.9982508846788263,6.381229401224251e-5,0.0013423180691056159,Q9XIB3,UNIPROT:Q9XIB3
AT1G49570,1804.849216933699,-1.4236453407585767,0.37310198340283796,-3.8157002752286844,1.3579726075693896e-4,0.0023852762432255794,Q9FX85,UNIPROT:Q9FX85
AT1G51470,27.864925468270116,-1.8916116936773837,0.5518322813100198,-3.427874297579693,6.083270646348292e-4,0.0077094610757286524,Q3ECS3,UNIPROT:Q3ECS3
AT1G51790,210.21490879613273,-1.5276544379972405,0.2795997034770804,-5.463719807279648,4.6625929028684265e-8,3.7187061629202566e-6,A0A178WLG7,UNIPROT:A0A178WLG7
AT1G51830,327.9257926205844,-1.2561887332730957,0.3123625338311731,-4.02157300322082,5.781078494818163e-5,0.0012379954715990584,A0A1P8AWS5,UNIPROT:A0A1P8AWS5
AT1G51850,246.55275214723673,-1.0850462634037776,0.30342859212421114,-3.575952601591364,3.4895487811640214e-4,0.004981821982267751,A0A1P8AVQ6,UNIPROT:A0A1P8AVQ6
AT1G51860,536.0603781398876,-1.1809224596504393,0.345247332470105,-3.420511466957375,6.250350063596989e-4,0.00786029743189825,A0A1P8AQZ6,UNIPROT:A0A1P8AQZ6
AT1G51890,157.71263731269636,-1.7397358974384411,0.2452665685474555,-7.093245148499836,1.3100309077695988e-12,4.769146390204454e-10,A0A1P8AUY6,UNIPROT:A0A1P8AUY6
AT1G52140,657.4498240418101,-1.4616388231390987,0.3411664487333114,-4.284239638938401,1.833651938005962e-5,4.800202453034197e-4,Q9ZU12,UNIPROT:Q9ZU12
AT1G52200,629.7136106743679,-1.4731687578458232,0.31626752745748304,-4.6579829731140086,3.1932261567011648e-6,1.170037460761396e-4,A0A1P8ASJ0,UNIPROT:A0A1P8ASJ0
AT1G53940,100.64243338145859,-1.795919141285972,0.298490792340886,-6.016665127931233,1.780468673679517e-9,2.4064046966239747e-7,Q9SYF0,UNIPROT:Q9SYF0
AT1G54100,3928.080766343998,-1.0286245080503578,0.15944685012702273,-6.451206199626446,1.1096339835477572e-10,2.3627876077977762e-8,Q9SYG7,UNIPROT:Q9SYG7
AT1G54740,148.0693029710799,-1.185043177903747,0.23385754440779485,-5.06737202301799,4.0334550255174785e-7,2.1675979376417857e-5,F4HX10,UNIPROT:F4HX10
AT1G55240,38.87014062543446,-3.108487404157954,0.6301336001169505,-4.933060867696993,8.09509148432984e-7,3.86288181591562e-5,Q6NM31,UNIPROT:Q6NM31
AT1G55610,196.59824649282507,-1.6901093354226844,0.3627088441646862,-4.659686033614605,3.1669206270607057e-6,1.1622856174534502e-4,Q9ZWC8,UNIPROT:Q9ZWC8
AT1G58190,261.98655137838495,-1.266512681181977,0.29357702037532324,-4.314072946045998,1.6027402394610757e-5,4.332389214955202e-4,A0A1P8ATQ6,UNIPROT:A0A1P8ATQ6
AT1G58320,49.75712342894502,-1.6065338283429267,0.414575740435059,-3.8751274415068706,1.0656891132294186e-4,0.0019732296123626913,P0CW98,UNIPROT:P0CW98
AT1G60680,739.1399585265931,-1.6075656130408762,0.2400368261201655,-6.697162427219015,2.1250538324292975e-11,5.981113522137312e-9,A0A1P8AWQ7,UNIPROT:A0A1P8AWQ7
AT1G60989,616.1429720327915,-1.0214511057810487,0.27800612914850215,-3.6742035469132466,2.385924795527272e-4,0.003701217083150932,P82626,UNIPROT:P82626
AT1G61360,539.6238369581107,-1.1241211039816281,0.2218745349270295,-5.066471933569714,4.0525647020315346e-7,2.169990875455808e-5,O64784,UNIPROT:O64784
AT1G61560,207.80041179009774,-1.1483960002474798,0.24033597067444176,-4.778294306194776,1.7678848938944786e-6,7.049987621924431e-5,A0A178W3H4,UNIPROT:A0A178W3H4
AT1G61590,1352.173682452967,-1.999129912603121,0.30837707684110527,-6.48274486898128,9.00687344801525e-11,2.0128132732193285e-8,Q9SY91,UNIPROT:Q9SY91
AT1G61660,491.96077611272335,-1.1150039722119072,0.30364653218740706,-3.6720457967349347,2.4061654890757692e-4,0.0037249356141240866,A0A178WMC9,UNIPROT:A0A178WMC9
AT1G61750,59.94678431539014,-2.339272762404156,0.4368267438744595,-5.355150057104663,8.548544263395108e-8,6.244310439129158e-6,Q9SYB1,UNIPROT:Q9SYB1
AT1G61820,397.7269375147786,-1.5734689499428933,0.22352759939009212,-7.03926027137675,1.93263075942354e-12,6.60930437438617e-10,F4HVG4,UNIPROT:F4HVG4
AT1G62280,217.8345242470557,-3.9015150873602074,0.35587728784768224,-10.96309098834675,5.7501223090586935e-28,4.326200354592126e-24,Q5E930,UNIPROT:Q5E930
AT1G63440,243.94635158239709,-1.1301976474282036,0.23706534661320136,-4.7674519434181475,1.8657047803749264e-6,7.362031922699731e-5,Q9SH30,UNIPROT:Q9SH30
AT1G63570,41.12299796643353,-2.3752685898485084,0.5114073579722817,-4.644572575698546,3.407812391291095e-6,1.226977470606606e-4,A0A1P8ARW0,UNIPROT:A0A1P8ARW0
AT1G64370,575.6806368652022,-2.956736782064676,0.47000196574833775,-6.290903012196887,3.1562449685379603e-10,5.479969629605408e-8,Q9C7W1,UNIPROT:Q9C7W1
AT1G64620,121.35003914343586,-1.0103152996984448,0.2921051453830926,-3.4587384565699026,5.42711628361477e-4,0.007052126749422508,Q84JQ8,UNIPROT:Q84JQ8
AT1G64780,537.5686862342351,-2.0056513150722624,0.4222154559418853,-4.750302924363633,2.0311215557800833e-6,7.917866085580701e-5,Q9ZPJ8,UNIPROT:Q9ZPJ8
AT1G65690,178.52520482550563,-1.196267459413127,0.2693491339308801,-4.441326548761471,8.940599766836667e-6,2.741824420343348e-4,Q8LD98,UNIPROT:Q8LD98
AT1G65970,5558.074578917971,-1.789913725740451,0.2524747595987379,-7.0894759087410915,1.3462083286521408e-12,4.823058442223408e-10,Q9SRZ4,UNIPROT:Q9SRZ4
AT1G66270,1737.3265131334315,-1.1053304803693689,0.24930236007481527,-4.4336944104245974,9.263190036134823e-6,2.806435735645625e-4,Q9C525,UNIPROT:Q9C525
AT1G66280,2662.038771086714,-1.1349379451979147,0.22812822412987807,-4.97500013217028,6.524759539284329e-7,3.208504304165285e-5,A0A178W9G2,UNIPROT:A0A178W9G2
AT1G67030,459.17346656698766,-1.2292289753475412,0.28440073111547953,-4.32217234648535,1.5450042455782582e-5,4.237216382375075e-4,Q39265,UNIPROT:Q39265
AT1G67105,1695.015641961547,-1.628567689418258,0.4170206338099266,-3.9052448665179025,9.413002248875785e-5,0.001809717834406945,NA,NA
AT1G67110,273.37853360397133,-1.8752590754797196,0.3265669745808695,-5.742341453499731,9.337629291258668e-9,9.579983215136335e-7,A0A1P8AWC5,UNIPROT:A0A1P8AWC5
AT1G67710,92.3533653826168,-1.3723781128349097,0.34596037064921764,-3.966865078389039,7.282419015169468e-5,0.0014875247021845252,A0A1P8AMW7,UNIPROT:A0A1P8AMW7
AT1G67865,14.677082939976243,-2.6551730599088263,0.7771394908132832,-3.4165977810883925,6.340888782124183e-4,0.007937892440450635,Q941E9,UNIPROT:Q941E9
AT1G67870,428.63378012136525,-2.164563682102374,0.3622351387372321,-5.97557622280417,2.292783050498424e-9,2.9073261928539286e-7,A0A178WDW2,UNIPROT:A0A178WDW2
AT1G68150,145.71665358575234,-1.6540682821492938,0.2974380975368775,-5.561050503774878,2.6815557535120997e-8,2.3550737320047316e-6,Q9C9F0,UNIPROT:Q9C9F0
AT1G68740,139.0478322872009,-1.371914929458898,0.3226462976813794,-4.252070887897481,2.118027899179037e-5,5.401808781058762e-4,A0A1P8ATD3,UNIPROT:A0A1P8ATD3
AT1G68880,93.3284129975615,-2.146280380698585,0.4307851473381451,-4.9822525079163436,6.28483474570243e-7,3.117692418576913e-5,Q9CA46,UNIPROT:Q9CA46
AT1G69490,184.5914901666319,-1.8424723131165557,0.3144818864209767,-5.858754963871453,4.663502048697376e-9,5.410569988921438e-7,O49255,UNIPROT:O49255
AT1G69900,214.11375643589344,-1.3876685024450728,0.39377180128192807,-3.524042346169797,4.2501631904367495e-4,0.005819556434909122,NA,NA
AT1G70850,3553.3660554937246,-1.526638428793354,0.19515511008405745,-7.822692565599735,5.170527286688959e-15,3.334399182510185e-12,F4I6Y7,UNIPROT:F4I6Y7
AT1G70880,194.5960008536754,-1.0228456138450592,0.2884834574303051,-3.5455953799089817,3.9172719334035135e-4,0.005441030449775428,Q941R7,UNIPROT:Q941R7
AT1G71040,327.7626325282773,-1.0967356804846082,0.21060978800624067,-5.20742977269466,1.9147426732764878e-7,1.1840453939321537e-5,Q949X9,UNIPROT:Q949X9
AT1G72150,14492.680304390813,-1.0522551499185877,0.17347809238430423,-6.065637081064609,1.3143161324260084e-9,1.8657502783010966e-7,Q56WK6,UNIPROT:Q56WK6
AT1G72220,106.40685092832894,-1.0224200167023079,0.30172808698869685,-3.3885477050090107,7.026380528140565e-4,0.008549457407043702,Q8LFY8,UNIPROT:Q8LFY8
AT1G72360,275.416892389968,-1.510780801684707,0.3908705847420398,-3.8651688324967375,1.1101238215126097e-4,0.002033815322675415,B3H5K8,UNIPROT:B3H5K8
AT1G72520,233.08553457789367,-1.1743066900838512,0.22653914106158557,-5.1836812154444045,2.1754864923413596e-7,1.3199705811461513e-5,Q9FNX8,UNIPROT:Q9FNX8
AT1G73220,541.157574576649,-2.0263322356717026,0.3332805581753312,-6.0799593194563,1.2021304263779067e-9,1.7393131957548545e-7,Q9CAT6,UNIPROT:Q9CAT6
AT1G73260,2220.8616608639127,-1.6635208286066285,0.3323615722019663,-5.0051539279509605,5.581740929624136e-7,2.8247864242723402e-5,Q8RXD5,UNIPROT:Q8RXD5
AT1G73270,54.55751658497606,-1.6764771579824695,0.34808851524047574,-4.816238067562445,1.4628997696665295e-6,6.160281847228216e-5,Q9CAU0,UNIPROT:Q9CAU0
AT1G73300,186.39115173332837,-1.9173042525301354,0.3137525737546873,-6.110879759760032,9.908339956494291e-10,1.4522152023248874e-7,Q9CAU3,UNIPROT:Q9CAU3
AT1G73610,32.25518696808355,-2.54025324997323,0.530028315541929,-4.792674609046011,1.6457242944511209e-6,6.621326746890598e-5,Q9C9V0,UNIPROT:Q9C9V0
AT1G73850,165.40805528869683,-1.1611474853359252,0.2615670330162545,-4.439196606491951,9.029530357039692e-6,2.754163103881671e-4,F4HS08,UNIPROT:F4HS08
AT1G74080,53.12451727998966,-1.210985668134207,0.36026171972938903,-3.361405338995884,7.754693236805295e-4,0.00929040239107921,Q9C9C8,UNIPROT:Q9C9C8
AT1G74458,155.95528499299965,-2.1154247093954863,0.3967050140309746,-5.332487955976061,9.687619672830915e-8,6.8548560350310184e-6,A0A178W2P2,UNIPROT:A0A178W2P2
AT1G74460,37.889266613012325,-1.9787061427204953,0.46332818117811864,-4.270636285686701,1.949160659244539e-5,5.062658830818007e-4,Q9CA68,UNIPROT:Q9CA68
AT1G74500,49.73724912525247,-1.423114979044329,0.38722519603568467,-3.6751611042200416,2.376993739082101e-4,0.0036924381063194837,Q9CA64,UNIPROT:Q9CA64
AT1G74660,355.0553434890009,-1.0421015689368125,0.26274834686066645,-3.9661584226424513,7.304032448446145e-5,0.0014892440505318693,A0A1P8AWK2,UNIPROT:A0A1P8AWK2
AT1G74770,342.9148395569786,-1.1992240926027842,0.2185474283534022,-5.4872487022065455,4.0824217724229795e-8,3.3352065178931544e-6,A0A1P8AWE8,UNIPROT:A0A1P8AWE8
AT1G76250,104.33553341336919,-1.1610685845049735,0.33185102593065136,-3.498764487012941,4.6741924835728884e-4,0.00629106729557088,Q8GX25,UNIPROT:Q8GX25
AT1G76410,351.3794628990077,-1.6771611788102716,0.3411784108515584,-4.915789292247976,8.842546549844998e-7,4.149378756269261e-5,Q8LC69,UNIPROT:Q8LC69
AT1G76430,50.97033086295378,-1.417802594508988,0.4075842042925421,-3.478551375586099,5.041317916715206e-4,0.006676191336106066,Q9S735,UNIPROT:Q9S735
AT1G77885,339.81057879542516,-1.8385619299857574,0.38496191868032426,-4.775957934458747,1.7885378067834642e-6,7.10723359804746e-5,Q3E7C8,UNIPROT:Q3E7C8
AT1G78090,104.16559252268118,-1.2461818123471358,0.27582648144404553,-4.517991912244791,6.242886823755529e-6,2.0245430818819835e-4,A0A1P8ATL8,UNIPROT:A0A1P8ATL8
AT1G78110,425.36502777109865,-1.332127501172563,0.2860220279823234,-4.6574297461274226,3.201816324803208e-6,1.1706639367658977e-4,Q56WT3,UNIPROT:Q56WT3
AT1G78290,79.3288177683267,-1.4891025107626679,0.32031222213623733,-4.648909432276715,3.336946859786955e-6,1.2070228777604385e-4,Q9M9E9,UNIPROT:Q9M9E9
AT1G79320,139.662344527279,-1.540704102419367,0.2746109090791924,-5.610498532580358,2.017445832773121e-8,1.8662200775213982e-6,O64519,UNIPROT:O64519
AT1G79900,62.02325983574346,-1.1064201850489521,0.3205071216077264,-3.4520923575705034,5.562572898223357e-4,0.0071765685505426466,Q9CA93,UNIPROT:Q9CA93
AT1G80050,188.20937621880256,-1.2676182598855814,0.23900535282833177,-5.303723305293762,1.1346425453559508e-7,7.807931979033281e-6,A0A1P8AN73,UNIPROT:A0A1P8AN73
AT1G80180,1105.658526323975,-1.0736252663171852,0.17733923410796093,-6.054076367915187,1.412256048865632e-9,1.979877719189204e-7,Q9SSC1,UNIPROT:Q9SSC1
AT1G80440,1645.8105919716245,-1.1760439987317304,0.32471989985271527,-3.6217182847899196,2.926527190858291e-4,0.004339989830805683,Q9M8L2,UNIPROT:Q9M8L2
AT1G80760,23.12952870042758,-1.7053817838932546,0.49277598897345465,-3.460764773555397,5.386432477484978e-4,0.007009608784571256,A0A178WNG1,UNIPROT:A0A178WNG1
AT2G01530,1043.102003943041,-1.9243343397546795,0.18928154597318808,-10.16651850480587,2.797287681921708e-24,7.892197533581858e-21,Q9ZVF2,UNIPROT:Q9ZVF2
AT2G01900,292.1536465823752,-1.0217650217880787,0.20958184596278948,-4.875255378605118,1.086677809470218e-6,4.828229298730766e-5,A0A178VMD7,UNIPROT:A0A178VMD7
AT2G01950,1345.1004044260658,-1.2389233257283707,0.2456299585441444,-5.043860826551874,4.5623119396202047e-7,2.4003716267871245e-5,Q9ZPS9,UNIPROT:Q9ZPS9
AT2G02610,140.50754167857775,-1.1955182827494306,0.32102295224778393,-3.7240897399344237,1.96021195321602e-4,0.0031991282715863184,O64716,UNIPROT:O64716
AT2G02820,1170.8123037936043,-1.1165036454059636,0.22790692750871822,-4.898945624911965,9.635230199417938e-7,4.420259772989071e-5,A0A178VPJ2,UNIPROT:A0A178VPJ2
AT2G03260,86.70324648316301,-1.1693640184175615,0.31663912062704613,-3.693049728352735,2.2158067238951695e-4,0.003514615148632317,A0A1P8B091,UNIPROT:A0A1P8B091
AT2G05180,31.293398371067713,-1.6745654684718372,0.46163523505862875,-3.6274645895674826,2.86218013530383e-4,0.0042726367615041495,Q9SJ39,UNIPROT:Q9SJ39
AT2G05400,8.769542618325936,-3.987821010949887,1.0783658475803952,-3.698022354748752,2.1728575723865473e-4,0.003458643742336866,Q8L7J1,UNIPROT:Q8L7J1
AT2G05440,64.11457971916803,-2.7345723155529407,0.42548684733613823,-6.426925609271784,1.3021050207335614e-10,2.647730848916866e-8,B9DFW2,UNIPROT:B9DFW2
AT2G05510,172.86235034399326,-1.8132751950736004,0.5120325941945187,-3.541327672559739,3.9811882553096714e-4,0.005502718929001506,A8MQZ5,UNIPROT:A8MQZ5
AT2G12646,37.20183500972986,-1.7283438859916167,0.46163421080229283,-3.743968374847821,1.8113646241035492e-4,0.0030039905165790744,A0A384KUM4,UNIPROT:A0A384KUM4
AT2G14100,267.3568277393505,-1.251847038240763,0.21371632295827697,-5.857517202769563,4.698381630537423e-9,5.410569988921438e-7,Q9SI49,UNIPROT:Q9SI49
AT2G14210,602.73333649658,-1.3469621226341864,0.33791284165974245,-3.986122918614898,6.716172800069883e-5,0.0014010234405765001,A0A1P8AYX0,UNIPROT:A0A1P8AYX0
AT2G15220,68.34886166512852,-1.587318861280958,0.30452939470607476,-5.2123666512160645,1.8644658394458123e-7,1.162509902268824e-5,Q9SKL6,UNIPROT:Q9SKL6
AT2G15960,764.0322200625491,-1.4764238587892642,0.2770661485085292,-5.3287775021848764,9.887603531518948e-8,6.974159353434818e-6,Q9XIM6,UNIPROT:Q9XIM6
AT2G16050,53.34872978172827,-1.3704150670875124,0.3913049251579362,-3.502166671003166,4.6149083097476263e-4,0.0062318797945032775,F4IJF7,UNIPROT:F4IJF7
AT2G16750,137.1487220477258,-1.1852836156193867,0.30775140108639265,-3.851432069635489,1.1742910532705906e-4,0.0021186989099416867,A0A384LP94,UNIPROT:A0A384LP94
AT2G16990,76.69203827546262,-2.5835913669072483,0.3294628029387375,-7.8418302274556275,4.440264345913455e-15,2.9484953456327917e-12,A0A1P8AXG6,UNIPROT:A0A1P8AXG6
AT2G17060,68.41790774943145,-1.2834364170863908,0.3168920279494984,-4.050074801158854,5.1201263841155636e-5,0.0011230940001542506,A0A1P8AY38,UNIPROT:A0A1P8AY38
AT2G18150,98.26473605420833,-1.308717135801685,0.36461813722115105,-3.5892815035910064,3.3159062245651405e-4,0.004773170879761466,Q9SI16,UNIPROT:Q9SI16
AT2G18196,194.9388947155056,-1.6991622463298406,0.31740022218757136,-5.353374470310549,8.63289316509128e-8,6.285581665460493e-6,A0A384LEK4,UNIPROT:A0A384LEK4
AT2G18700,1747.849487959727,-1.2149595479259023,0.18049870684090047,-6.7311260517606994,1.6835503383098315e-11,4.999922984998843e-9,Q9ZV48,UNIPROT:Q9ZV48
AT2G18800,31.176356371360942,-1.832061882190593,0.5250352809401971,-3.4894071859511278,4.840931346860034e-4,0.006446292709733205,Q9ZV40,UNIPROT:Q9ZV40
AT2G19110,1768.460211083318,-1.3902969741356848,0.22878649842395682,-6.076831385212998,1.2258053617534222e-9,1.7622708802634707e-7,O64474,UNIPROT:O64474
AT2G19130,271.9244850097217,-1.1952348971357123,0.2750859274642828,-4.3449510782077425,1.3930670591901106e-5,3.905952371798756e-4,O64477,UNIPROT:O64477
AT2G20160,21.67317550862783,-2.6911759246933653,0.6529245130899539,-4.121725974044721,3.760443511303181e-5,8.723224100064142e-4,Q9SL65,UNIPROT:Q9SL65
AT2G20670,1145.8015314852632,-1.61634657307139,0.37228654961621166,-4.341673301755526,1.4140168152259195e-5,3.949971972334682e-4,NA,NA
AT2G21185,103.73140456243718,-1.0756868919035494,0.3167232435687664,-3.396299178370842,6.830365788146278e-4,0.00837415460099129,Q8S8H4,UNIPROT:Q8S8H4
AT2G21560,196.4621271141119,-1.3696534008643733,0.29810891943231066,-4.59447306532326,4.338441584613431e-6,1.4904560883760996e-4,A0A178VN85,UNIPROT:A0A178VN85
AT2G22122,1394.0238651538675,-1.8338960930620012,0.3226386963522093,-5.684054993391196,1.3153794929971457e-8,1.2852567331791592e-6,A0A178VSP7,UNIPROT:A0A178VSP7
AT2G22860,168.09049373101575,-1.6685938853129745,0.3622211594014585,-4.606561052563005,4.093829033384717e-6,1.4215663863465606e-4,O81003,UNIPROT:O81003
AT2G23030,131.07213145666748,-1.8235014567074221,0.32406132525059583,-5.627025857828955,1.8334325250694427e-8,1.7314814026503093e-6,O64812,UNIPROT:O64812
AT2G23050,40.76513927981778,-1.5511054987644404,0.4055068110144918,-3.825103442489423,1.3071718889825338e-4,0.002317067367211674,A0A1P8B343,UNIPROT:A0A1P8B343
AT2G23540,41.09686502116078,-2.37281672223505,0.6086918619721666,-3.898223174114903,9.690109168027242e-5,0.0018415388990620674,O80470,UNIPROT:O80470
AT2G23630,40.19524924878135,-2.1566758092759546,0.39498314727758227,-5.460171716542397,4.7567428224085156e-8,3.7671734120906175e-6,A0A178VP95,UNIPROT:A0A178VP95
AT2G24140,21.1144917856858,-1.7871508179018902,0.5316209772029337,-3.3617010888185623,7.746392969861272e-4,0.009285386921016398,A0A1P8AZT2,UNIPROT:A0A1P8AZT2
AT2G24260,1645.0924993970302,-1.2996347701311655,0.2031244713337362,-6.398218597678702,1.572001289052034e-10,3.085360095234214e-8,A0A1P8B061,UNIPROT:A0A1P8B061
AT2G24580,363.35463650709767,-1.3664388016418405,0.23526890204945997,-5.80798732743088,6.3228301006624635e-9,7.030177251332634e-7,Q9SJA7,UNIPROT:Q9SJA7
AT2G24710,35.52723112756907,-2.1686320175301375,0.5088038865091,-4.26221590485306,2.024097390634349e-5,5.219425457841195e-4,A0A1P8B2P3,UNIPROT:A0A1P8B2P3
AT2G24762,400.9949393031126,-1.3846917055084464,0.3124321026747793,-4.43197639952453,9.337324001797999e-6,2.821321821212619e-4,Q8S8A0,UNIPROT:Q8S8A0
AT2G25260,203.25205591319272,-1.0068754376416602,0.2568468470130288,-3.9201393723575104,8.849777372258122e-5,0.0017249423581108642,Q494Q2,UNIPROT:Q494Q2
AT2G25900,1487.7108719176015,-1.3679546617469307,0.1533091827076693,-8.92284883127551,4.544448324106808e-19,6.410796445213422e-16,O82307,UNIPROT:O82307
AT2G25940,107.28666454592349,-1.0344413664683036,0.30767954361495137,-3.36207391077928,7.735941412386597e-4,0.009277786058394149,P49047,UNIPROT:P49047
AT2G26560,110.1407316110316,-1.4905562458935255,0.2778670963231659,-5.364277619110302,8.127382055186624e-8,5.975346591779065e-6,O48723,UNIPROT:O48723
AT2G26695,53.46580540137465,-1.6731889807970686,0.434212688877106,-3.8533857338992377,1.1649564267640099e-4,0.002112986033057546,Q6ID73,UNIPROT:Q6ID73
AT2G27430,52.935400261050845,-1.7732647025329187,0.36736276244382593,-4.827012652933411,1.3859631919058752e-6,5.924730152368847e-5,Q8GUS7,UNIPROT:Q8GUS7
AT2G27550,191.0922129581985,-1.1614833702917884,0.2762434903828168,-4.204563766126075,2.6158618522247643e-5,6.438671523071446e-4,Q9ZNV5,UNIPROT:Q9ZNV5
AT2G27660,380.5223582246703,-1.1465748676810559,0.23823127091271454,-4.812864672585947,1.4878204233092782e-6,6.193786865864549e-5,Q9ZUW8,UNIPROT:Q9ZUW8
AT2G28270,86.62261625352994,-2.2846022032933404,0.414263478008861,-5.514853045395601,3.4907151148545294e-8,2.9336683892076683e-6,Q9SL28,UNIPROT:Q9SL28
AT2G28630,2060.3076934274745,-1.2112726965213496,0.2547419497097267,-4.75490078450593,1.9854389761426565e-6,7.793624892263635e-5,Q9SIB2,UNIPROT:Q9SIB2
AT2G28660,207.63303380957225,-1.3077880772397763,0.3299884964791581,-3.963132324894166,7.39727527942132e-5,0.00150282538552492,Q7XZS3,UNIPROT:Q7XZS3
AT2G28670,1985.9697582134247,-1.690365254906997,0.1795056953235965,-9.416777845737766,4.651429620421402e-21,8.075955227887036e-18,A0A2H1ZE31,UNIPROT:A0A2H1ZE31
AT2G28671,2124.8660407793973,-1.5971523869300537,0.1977836753521956,-8.075248799406658,6.733920007931467e-16,5.84581955765466e-13,NA,NA
AT2G28710,24.2592610611207,-2.03128095384051,0.550341472313646,-3.6909465414281173,2.2342109443488563e-4,0.0035313988252729718,Q9SI97,UNIPROT:Q9SI97
AT2G28780,1964.3982796687885,-3.6309644516260953,0.32955145200231445,-11.017898508912031,3.1328774144800618e-28,3.535608806111474e-24,Q84W96,UNIPROT:Q84W96
AT2G28860,181.31721615434418,-1.4716997447483882,0.31680626625145913,-4.645424985313433,3.393770783686836e-6,1.2256128057375293e-4,Q9ZV28,UNIPROT:Q9ZV28
AT2G28960,281.4833135563618,-1.7595352888066442,0.24784886612137327,-7.0992267035225725,1.2545687051410669e-12,4.677017246695562e-10,A0A2H1ZE36,UNIPROT:A0A2H1ZE36
AT2G28970,34.590362521411386,-1.6152626830726253,0.46540243542125936,-3.4706794811044963,5.19143269300943e-4,0.006816511187546006,A0A1P8AX40,UNIPROT:A0A1P8AX40
AT2G28990,141.8645118793242,-1.0537697902049892,0.3018245870017438,-3.4913318383796907,4.8061890986357363e-4,0.006411376722535887,O81069,UNIPROT:O81069
AT2G29330,167.98435602832248,-2.4336056045705767,0.38614537503502877,-6.302304162907078,2.932529547023369e-10,5.1711034692081614e-8,Q9ZW16,UNIPROT:Q9ZW16
AT2G29620,130.44936100790568,-1.0544329602475977,0.2655785642538305,-3.9703240478392243,7.17749454494772e-5,0.0014727566306728637,A0A1P8AZC3,UNIPROT:A0A1P8AZC3
AT2G30080,56.187560720985935,-1.4587234859591982,0.40265947264149626,-3.6227223872067147,2.915186429082143e-4,0.004326013996766144,O64738,UNIPROT:O64738
AT2G30340,126.92603967703168,-1.2048921230256573,0.32907960231364436,-3.6614002039460343,2.50840569313406e-4,0.003850926311587358,A0A384LQ09,UNIPROT:A0A384LQ09
AT2G30400,80.14471450145817,-2.1093316804940754,0.38467421109643996,-5.4834236859336905,4.171722824115001e-8,3.3870487720539457e-6,O04351,UNIPROT:O04351
AT2G30840,108.87664016241101,-1.5038218166951463,0.3424143875194575,-4.3918184267584035,1.1240655651924552e-5,3.2821842007708804e-4,A0A178VSB2,UNIPROT:A0A178VSB2
AT2G31110,183.7184573357045,-1.4204633416240022,0.34637479507545654,-4.100943145457681,4.114696551910138e-5,9.352750843218905e-4,A0A1P8B0F5,UNIPROT:A0A1P8B0F5
AT2G31900,356.53815526771706,-1.0500401567520457,0.20886265080398145,-5.0274194678181745,4.971241458036571e-7,2.5676405251566004e-5,A0A178VXC9,UNIPROT:A0A178VXC9
AT2G31945,33.27956450755514,-1.4289350578732867,0.4164450301852435,-3.431269325600227,6.007638243771494e-4,0.007639346636629092,A0A178VRQ6,UNIPROT:A0A178VRQ6
AT2G32150,1804.6627211376262,-1.2925565950323075,0.17824010758893008,-7.251771851559318,4.113543821273326e-13,1.8205254429403968e-10,A0A178VP96,UNIPROT:A0A178VP96
AT2G33830,4196.121837177802,-1.851745847890743,0.24034390415199985,-7.704567562985287,1.3128710507574056e-14,7.798108549117211e-12,P93017,UNIPROT:P93017
AT2G34140,56.497729403944035,-1.3001140723380942,0.3638699209446026,-3.5730188111262713,3.528894000295587e-4,0.005025278642313671,O22967,UNIPROT:O22967
AT2G34790,90.43239878731443,-1.048616406244653,0.2980822633439069,-3.517875885942369,4.3501577214333145e-4,0.005922039199666546,O64743,UNIPROT:O64743
AT2G35000,286.4733481852914,-1.1603796722214943,0.27549189267663926,-4.212028386561266,2.5308772952379008e-5,6.256783289245855e-4,O64763,UNIPROT:O64763
AT2G35270,131.62336276856163,-1.2972498887084125,0.3554623305694292,-3.649472186350369,2.627796889746062e-4,0.003978001582726919,O82166,UNIPROT:O82166
AT2G36120,750.0386266938981,-1.640821533811877,0.24264670114068596,-6.762183561937373,1.3592732945874832e-11,4.1608198865597706e-9,Q9SIH2,UNIPROT:Q9SIH2
AT2G36320,3777.836092520053,-1.1212676111178652,0.315571755491184,-3.5531304421481713,3.8067565186154486e-4,0.005313685923418014,Q9SJM6,UNIPROT:Q9SJM6
AT2G36690,128.0056247947103,-1.693065578876524,0.26577681643852075,-6.3702530625659834,1.887165581953986e-10,3.579429777334741e-8,F4INZ9,UNIPROT:F4INZ9
AT2G36950,2204.947340284657,-1.6603453101611603,0.3530588473327982,-4.702743813685245,2.5668841485016913e-6,9.688485303650781e-5,Q9SJL2,UNIPROT:Q9SJL2
AT2G37180,1047.0171028608688,-1.4392081095083105,0.3654480460657644,-3.9382016814759955,8.209457882564507e-5,0.00162682768979248,P30302,UNIPROT:P30302
AT2G37750,2484.0934469342055,-1.171640584598058,0.2932027945627978,-3.9960075631104446,6.441967663326501e-5,0.001352573508176209,NA,NA
AT2G38400,823.0297906283383,-1.553743015302661,0.21101840454815426,-7.3630687267759045,1.7972977716281962e-13,8.451418334045837e-11,F4ISY3,UNIPROT:F4ISY3
AT2G38800,3162.818388378927,-1.4199941589543768,0.25486538958432564,-5.571545674641525,2.524891496909002e-8,2.2348755284993367e-6,Q9SII1,UNIPROT:Q9SII1
AT2G39370,220.87342902979947,-2.114385069389827,0.32361728543085677,-6.533597445435532,6.420838377308303e-11,1.52552361067606e-8,O80624,UNIPROT:O80624
AT2G39855,35.16989197911822,-2.1527622232925894,0.47161324072092536,-4.564677234256184,5.002634127911509e-6,1.6802746265043254e-4,A0A1P8B0K6,UNIPROT:A0A1P8B0K6
AT2G40320,129.77421521548365,-1.7383804178714881,0.32397953909974325,-5.365710509688375,8.063117714520389e-8,5.9474715664849575e-6,F4IH21,UNIPROT:F4IH21
AT2G40900,655.2354726787588,-2.042978330214093,0.2848978828597605,-7.1709143981941725,7.449847799480292e-13,3.0572820851285393e-10,F4IJ08,UNIPROT:F4IJ08
AT2G41800,98.28598826636915,-1.2046343908660724,0.33761807110076864,-3.5680388402744176,3.596631988626862e-4,0.005099219887895534,O22940,UNIPROT:O22940
AT2G42060,98.86813454819281,-1.514419162100222,0.2868551183613968,-5.279386927976193,1.2961683576825748e-7,8.70708809561113e-6,A0A178VY89,UNIPROT:A0A178VY89
AT2G42890,2068.1663196934956,-1.1381758474311416,0.23459468763049016,-4.851669314967102,1.2242662942554823e-6,5.3345394841004806e-5,Q9SJG8,UNIPROT:Q9SJG8
AT2G43610,892.4566641626278,-2.0848803830213773,0.3160834223229048,-6.595981426990193,4.2245181265263025e-11,1.0713662767845525e-8,O22842,UNIPROT:O22842
AT2G44010,234.81378649871564,-1.5150593657478564,0.2707610461138515,-5.595558842355756,2.1991224425253156e-8,2.009570552641251e-6,O80571,UNIPROT:O80571
AT2G44130,1706.0006717510842,-1.145563884353034,0.3302878565663856,-3.468380267631134,5.236057939885762e-4,0.006859144733671592,O80582,UNIPROT:O80582
AT2G44370,120.28326105667847,-1.2967962110959297,0.2693242019275638,-4.815000663938513,1.4719940075732484e-6,6.187034775593257e-5,O64871,UNIPROT:O64871
AT2G44380,302.96253495958746,-1.3535275841419367,0.3766857656248221,-3.593253867442515,3.265741283721669e-4,0.004726837210351882,O64872,UNIPROT:O64872
AT2G45830,231.3259407570852,-1.6508013432380244,0.28723979054886395,-5.74711929737742,9.07766851662153e-9,9.365414836436896e-7,F4IH50,UNIPROT:F4IH50
AT2G46690,406.7372179193689,-1.1791017894209486,0.2390596900971282,-4.9322484645650135,8.128842324745051e-7,3.870803799827438e-5,Q9ZUZ3,UNIPROT:Q9ZUZ3
AT2G46750,120.38608321157398,-1.554389919369064,0.3312920004740629,-4.691902965193265,2.7067550840184803e-6,1.0148533056707828e-4,Q6NQ66,UNIPROT:Q6NQ66
AT2G46790,36.66202885550275,-1.828058501477122,0.4541544297766921,-4.025191392223079,5.692899468056092e-5,0.0012237565132713721,A0A1P8B243,UNIPROT:A0A1P8B243
AT2G47160,2622.9780794915487,-1.5079028394461127,0.18155027680350677,-8.305703885420826,9.922942141590579e-17,9.332113628243373e-14,A8MS82,UNIPROT:A8MS82
AT2G47180,299.55030060308167,-1.132067847722487,0.33094927080836045,-3.420668808114771,6.246735425526527e-4,0.00786029743189825,O22893,UNIPROT:O22893
AT2G47860,296.38121802134725,-1.5748430817057646,0.2362837404251092,-6.665050582288863,2.645742168803662e-11,7.194824878562343e-9,A0A1P8B0E1,UNIPROT:A0A1P8B0E1
AT2G48130,254.02002989793635,-1.4206568689036543,0.3297439768704756,-4.308363362347912,1.6446703051206978e-5,4.408771194403714e-4,A0A384LDL4,UNIPROT:A0A384LDL4
AT2G48140,98.29210636943142,-1.8639139391770767,0.4313608729942665,-4.321008361835941,1.5531778719686906e-5,4.2493063937218563e-4,F4IN76,UNIPROT:F4IN76
AT3G01190,593.3780541498566,-1.2273223338760633,0.2117817970055484,-5.795221077682655,6.823123906010001e-9,7.439842013649841e-7,Q43735,UNIPROT:Q43735
AT3G01260,518.4544525567513,-2.414824886383291,0.27315345603130853,-8.840543046640079,9.52544790441277e-19,1.1944382480583367e-15,F4J5Z7,UNIPROT:F4J5Z7
AT3G01290,3361.0666148954924,-1.9295304008520497,0.34750418308501746,-5.552538630534951,2.815504695273915e-8,2.4536199411979744e-6,Q9SRH6,UNIPROT:Q9SRH6
AT3G01350,151.9089397843729,-1.5296914805289175,0.2540949893594069,-6.020156022696032,1.7424902756657527e-9,2.383621091639497e-7,Q9SRI2,UNIPROT:Q9SRI2
AT3G01420,7034.168285335722,-1.2506276978069601,0.25506142877837096,-4.903241167419559,9.42681304591912e-7,4.333454119336873e-5,Q9SGH6,UNIPROT:Q9SGH6
AT3G01670,216.5687758446811,-1.1519826615916489,0.2854253265207741,-4.036021174553352,5.436531171071869e-5,0.0011798840871371458,A0A1I9LMF2,UNIPROT:A0A1I9LMF2
AT3G01680,189.25213073688622,-1.0915608620569641,0.3249731406502262,-3.358926401957104,7.824590337507063e-4,0.009352022917283874,Q9SS87,UNIPROT:Q9SS87
AT3G01970,298.88366728568604,-1.3657092437128902,0.25497783206402375,-5.3561881543096925,8.499599896860128e-8,6.228716534806167e-6,Q9S763,UNIPROT:Q9S763
AT3G02620,554.9430707491373,-1.3161078345332367,0.36710834516478336,-3.5850665120197074,3.369923111309075e-4,0.0048478352164026215,A0A1I9LTN9,UNIPROT:A0A1I9LTN9
AT3G02673,8.098086470892259,-4.430759740952967,1.2755195239202257,-3.473690255508843,5.133532736224821e-4,0.006768047160591731,NA,NA
AT3G02850,170.86166376496396,-2.6438373407481177,0.29459464355270326,-8.974492234021671,2.8466171930069003e-19,4.2833997775572497e-16,A0A1I9LLU0,UNIPROT:A0A1I9LLU0
AT3G03520,706.5079544524859,-1.0003732276799127,0.23998456106483707,-4.168489936357364,3.0662429650099135e-5,7.37826971889539e-4,A0A1I9LPZ5,UNIPROT:A0A1I9LPZ5
AT3G03670,30.328306092497673,-4.143667850162608,0.858123622735149,-4.828753970150881,1.373900284541642e-6,5.884308030813928e-5,Q9SS67,UNIPROT:Q9SS67
AT3G04110,86.83352077872014,-1.151085376131302,0.3212839605719366,-3.582766391705913,3.399746248118407e-4,0.004873785677302026,A0A1I9LLK1,UNIPROT:A0A1I9LLK1
AT3G04570,423.129735841977,-1.3982547978089495,0.2685765032095976,-5.206169493977471,1.9277857531609428e-7,1.1888538861911376e-5,Q9SR17,UNIPROT:Q9SR17
AT3G07195,126.19118692089039,-1.1154876735133648,0.28134481740547235,-3.964841733358575,7.344466011528403e-5,0.0014961366637744368,A0A1I9LSZ8,UNIPROT:A0A1I9LSZ8
AT3G07420,117.13833041069331,-1.3176318507925746,0.2882894173746082,-4.570517581921576,4.865210995927988e-6,1.6414451029759435e-4,A0A1I9LPQ1,UNIPROT:A0A1I9LPQ1
AT3G08040,473.47075156025807,-1.8976381483070852,0.29024101634648,-6.538146028408847,6.228609505525613e-11,1.4955951611619002e-8,A0A2H1ZEH4,UNIPROT:A0A2H1ZEH4
AT3G09220,951.3379718699322,-1.3114964264456759,0.22497728255669663,-5.829461586261115,5.5606495068735186e-9,6.275471000982109e-7,A0A178V5P5,UNIPROT:A0A178V5P5
AT3G10740,2785.954413037001,-1.0799130220989739,0.2120523229592549,-5.092672445311883,3.5305134800386895e-7,1.9627394029052527e-5,A0A1I9LPN8,UNIPROT:A0A1I9LPN8
AT3G11280,705.7542576720375,-1.069196808380601,0.23186475439069246,-4.611295111196601,4.001679559737785e-6,1.3981719712514174e-4,A0A384KX37,UNIPROT:A0A384KX37
AT3G11520,122.53215467472708,-1.0826153696219534,0.29683638005604784,-3.6471788579874773,2.6513537328302835e-4,0.004005602751252499,A0A1I9LQ45,UNIPROT:A0A1I9LQ45
AT3G11660,676.8339598632729,-1.2481894956876172,0.31563940878378155,-3.9544792600427425,7.670152461405422e-5,0.0015471225308881303,Q9SRN0,UNIPROT:Q9SRN0
AT3G11690,1120.7478103943436,-1.03745112651749,0.23879011372680206,-4.344615069384446,1.3952009486620588e-5,3.907081961817783e-4,A0A384L831,UNIPROT:A0A384L831
AT3G11840,97.99532142096348,-1.0790100508559848,0.31689991887561053,-3.40489216495987,6.619018558850799e-4,0.008204166276321877,A0A178VEQ8,UNIPROT:A0A178VEQ8
AT3G11930,4238.384465765309,-1.6082048091669814,0.2728065710816498,-5.895036922280193,3.745976107355439e-9,4.4735675512761693e-7,A0A384KK41,UNIPROT:A0A384KK41
AT3G12040,127.5682280036407,-1.082366029941497,0.2849313119204114,-3.7986910692491023,1.4546226813589523e-4,0.002527504891528323,A0A1I9LNN7,UNIPROT:A0A1I9LNN7
AT3G12090,191.1656356651235,-1.6455834231856092,0.29395276116267477,-5.5981220134718725,2.1668623315137204e-8,1.9932776508963515e-6,Q9C7C1,UNIPROT:Q9C7C1
AT3G12750,63.432603661779254,-1.4036692869932244,0.32199385132097424,-4.359304630304881,1.3047637898281027e-5,3.7043803144918376e-4,O81123,UNIPROT:O81123
AT3G12977,109.11780239955377,-1.427507953615608,0.3596343232344611,-3.969331794521053,7.207446392564087e-5,0.0014775592418398182,A0A178V7Z0,UNIPROT:A0A178V7Z0
AT3G13730,224.72601693003872,-1.9797973375822098,0.29514922490804646,-6.707784301988306,1.97601720844557e-11,5.645656254661388e-9,A0A384L4N6,UNIPROT:A0A384L4N6
AT3G13950,50.20593965434315,-1.9320289242253632,0.40933764695935804,-4.719890629598476,2.35971484075293e-6,8.9968114308504e-5,B9DG91,UNIPROT:B9DG91
AT3G14260,199.48752617113823,-2.1109030054824864,0.27710876150509733,-7.617597487777942,2.5844071138793866e-14,1.3888726896993247e-11,Q9LUM1,UNIPROT:Q9LUM1
AT3G14280,202.4765479308419,-1.599181770229006,0.24097073482469542,-6.6364148799745335,3.214043972646862e-11,8.43537052402469e-9,A0A384KCN9,UNIPROT:A0A384KCN9
AT3G14470,245.89431789581053,-1.1538909713566519,0.27608101125717843,-4.179537615072573,2.9210240357241302e-5,7.074080848747784e-4,Q9LRR4,UNIPROT:Q9LRR4
AT3G14990,6753.237527895455,-1.108643440168606,0.19625718387342284,-5.648931765390213,1.614479177934585e-8,1.5440477936562138e-6,Q9FPF0,UNIPROT:Q9FPF0
AT3G15240,97.01220458347197,-1.5655418215611079,0.3222338333708753,-4.858402996308728,1.1833636050843136e-6,5.1863495010403965e-5,F4IXI5,UNIPROT:F4IXI5
AT3G15370,46.99646320362434,-1.7376245436952573,0.4185280918917928,-4.151751285895778,3.299407220560841e-5,7.855582318067379e-4,A0A1I9LSN2,UNIPROT:A0A1I9LSN2
AT3G15450,4835.383100761383,-2.002999948075383,0.31324525130862463,-6.394350559849123,1.6123114516249868e-10,3.137196704709274e-8,A0A384KZU0,UNIPROT:A0A384KZU0
AT3G16220,69.85361914754341,-1.5386474791897355,0.3428552812067759,-4.4877461819285145,7.1980612766717466e-6,2.2786457373879103e-4,A0A178VAU1,UNIPROT:A0A178VAU1
AT3G16340,997.7354698243022,-1.520729097672784,0.18902454210704442,-8.045141020955874,8.614616462314103e-16,6.780530123901837e-13,F4J1I6,UNIPROT:F4J1I6
AT3G16770,5926.93540164425,-1.3382111206432497,0.16941700669000276,-7.898918454461261,2.8133385392828374e-15,2.0483827151662234e-12,P42736,UNIPROT:P42736
AT3G18560,170.98950703174225,-1.7186350443086806,0.22885725331009762,-7.5096376429020575,5.929124907813073e-14,3.112239030098811e-11,A0A384KUG2,UNIPROT:A0A384KUG2
AT3G19030,825.0084445310521,-1.1103925120046583,0.29884126973297537,-3.7156598651746826,2.0267407356158758e-4,0.003274557275847239,Q9LJ63,UNIPROT:Q9LJ63
AT3G19390,713.3647604820833,-1.0343708843766881,0.20542475514064576,-5.0352786530936715,4.771542078001301e-7,2.4758270400590196e-5,Q9LT78,UNIPROT:Q9LT78
AT3G20380,197.24519563466026,-1.4166320057744184,0.34839177151209366,-4.066203973836515,4.77851160260958e-5,0.0010594870862721103,A0A178VBB1,UNIPROT:A0A178VBB1
AT3G20640,147.84043388127438,-1.3032187317321355,0.24024356376602898,-5.424572926337907,5.809326896179045e-8,4.385361785072148e-6,A0A1I9LLG5,UNIPROT:A0A1I9LLG5
AT3G20830,574.6101049555909,-1.1363307056702736,0.23332314375821106,-4.870201418372086,1.1148454699452648e-6,4.9339562945361906e-5,Q9LT38,UNIPROT:Q9LT38
AT3G20840,23.58921094626567,-1.7052265792074526,0.5024590222146095,-3.393762483737667,6.893945636969665e-4,0.008426656940010508,Q5YGP8,UNIPROT:Q5YGP8
AT3G20940,155.2358221981211,-1.4978408906643084,0.2943985984337798,-5.087798986248311,3.6224302132710363e-7,1.9941920083839163e-5,Q9LIG9,UNIPROT:Q9LIG9
AT3G20960,360.4267016385004,-1.2310412194563718,0.250453837272796,-4.915241997731955,8.867285757965226e-7,4.152354913755874e-5,Q8GYY9,UNIPROT:Q8GYY9
AT3G21260,85.13106873555927,-1.3478641912071534,0.34214916459944694,-3.9394051795657434,8.168387750354099e-5,0.001621536322895711,A0A178V9B2,UNIPROT:A0A178V9B2
AT3G21530,49.93201006518543,-2.2085617368439605,0.38430183582065447,-5.746945580230456,9.086995920338844e-9,9.365414836436896e-7,A0A1I9LPP5,UNIPROT:A0A1I9LPP5
AT3G21770,1133.241414107795,-1.7306195416572099,0.32802585241648674,-5.275863255618898,1.3213259218887655e-7,8.823564314482642e-6,Q9LSY7,UNIPROT:Q9LSY7
AT3G22740,28.501308429052376,-1.8473102162231247,0.4900324703412107,-3.7697710417777794,1.6339737497335583e-4,0.0027792329694978253,Q8LAX0,UNIPROT:Q8LAX0
AT3G22800,1528.8000392805984,-1.1583871448894438,0.2711588021071985,-4.271987985960688,1.9373801664972675e-5,5.03785803433293e-4,A0A178VCE5,UNIPROT:A0A178VCE5
AT3G23430,2258.921854218123,-2.085572845909343,0.3291507865537079,-6.33622318739025,2.3546563390845495e-10,4.2860442120546265e-8,Q8S403,UNIPROT:Q8S403
AT3G24310,59.04216236047592,-2.149008517474951,0.3822734101285503,-5.621653142844243,1.8913872552767615e-8,1.7640703197872637e-6,A0A384L796,UNIPROT:A0A384L796
AT3G25560,184.12098476600113,-1.0102788553525797,0.2480790944518061,-4.0724062524697935,4.652993028906388e-5,0.0010357268802312237,F4JA15,UNIPROT:F4JA15
AT3G26130,61.36742550528188,-1.4869811905342203,0.39328401361044624,-3.780934742003263,1.5624062845053394e-4,0.0026756503981464354,A0A1I9LS67,UNIPROT:A0A1I9LS67
AT3G26210,423.0517279459569,-1.102624884687863,0.1820851947506922,-6.055543868888172,1.3994402866686568e-9,1.9741729193998907e-7,Q9LTM0,UNIPROT:Q9LTM0
AT3G26220,87.4019618157245,-2.0063814909401616,0.3459326947098796,-5.79991865938788,6.634709443353376e-9,7.304976919313612e-7,O65785,UNIPROT:O65785
AT3G26610,192.249465702897,-1.70208198307447,0.3387355776820248,-5.024810191837112,5.039306845299451e-7,2.5968537626770295e-5,A0A178VPE8,UNIPROT:A0A178VPE8
AT3G26760,298.48316985552145,-1.132028271063658,0.2083698199391636,-5.432784226593703,5.548148125752258e-8,4.244991571062855e-6,Q9LW35,UNIPROT:Q9LW35
AT3G27150,113.58113913046184,-1.8966312218972052,0.42362010615074447,-4.477198306593815,7.562899288035796e-6,2.377467964209693e-4,Q9LI89,UNIPROT:Q9LI89
AT3G27650,76.06444563121485,-1.3524970273609462,0.34717554869329226,-3.8957150999012096,9.790942483967887e-5,0.00185707027567764,A0A178VL46,UNIPROT:A0A178VL46
AT3G27884,183.8953519656374,-2.1772870628225407,0.4494672423179,-4.8441507140637965,1.2715438900897355e-6,5.511134282627103e-5,NA,NA
AT3G28917,28.212510839850353,-1.8896885456905428,0.49114938890754367,-3.847482229172165,1.1933793043384576e-4,0.0021462760381054445,Q9LJW5,UNIPROT:Q9LJW5
AT3G29810,323.05151470659354,-1.0324745955570718,0.2014857187142059,-5.124306586818535,2.986347196148691e-7,1.7157453089974934e-5,Q8L8Q7,UNIPROT:Q8L8Q7
AT3G32980,10236.505462815487,-1.1543159228008606,0.26653508918246793,-4.330821605295746,1.4855400170256424e-5,4.0940322007674944e-4,Q9LHB9,UNIPROT:Q9LHB9
AT3G45300,1109.520327912415,-1.1661229123770713,0.22523622207121918,-5.177332942515551,2.250803327380187e-7,1.3547435173946187e-5,Q9SWG0,UNIPROT:Q9SWG0
AT3G46130,251.65557702150312,-2.6016158333614654,0.33515335036869187,-7.762464049664155,8.32949871465704e-15,5.081219337527677e-12,A0A178V991,UNIPROT:A0A178V991
AT3G46280,536.4814464975731,-1.0782465131101455,0.2878767055010334,-3.745514980913504,1.8002410339149964e-4,0.0029899367458789835,Q8GYH9,UNIPROT:Q8GYH9
AT3G46690,111.40177532848611,-1.716554600481518,0.2869037302250126,-5.983033399862944,2.1901983376200816e-9,2.816133528048503e-7,Q9STE3,UNIPROT:Q9STE3
AT3G46710,62.565740301575715,-1.3065956415944928,0.3843085732819656,-3.399860769267432,6.742017381356499e-4,0.008306445104508599,Q9STE5,UNIPROT:Q9STE5
AT3G46900,728.1807732547506,-1.168247899888465,0.2278213820425989,-5.127911565693256,2.929739963321316e-7,1.699992202335843e-5,Q9STG2,UNIPROT:Q9STG2
AT3G47040,96.31050951059461,-1.4187069290386818,0.30792156921045055,-4.607364572337118,4.078046354152236e-6,1.4182678622429913e-4,A0A1I9LQK9,UNIPROT:A0A1I9LQK9
AT3G47200,87.99566895714041,-1.4123818951578664,0.335279977419017,-4.212544709738926,2.5250971262426626e-5,6.249338512765696e-4,Q9SD53,UNIPROT:Q9SD53
AT3G47340,1125.5414756737778,-1.4962436657116318,0.36003807751799544,-4.155792842874645,3.24161443205264e-5,7.742484586863507e-4,A0A1I9LPY0,UNIPROT:A0A1I9LPY0
AT3G47510,135.5123238764601,-1.3325630340823769,0.25021490848854605,-5.325674006124927,1.0057937750090612e-7,7.0502395328352555e-6,NA,NA
AT3G48020,413.6455940639786,-1.220529206989439,0.31300532056928,-3.8993880511986037,9.643611233795828e-5,0.001836843452810174,A0A384KRS2,UNIPROT:A0A384KRS2
AT3G48360,1841.2100288465363,-1.3037035609764904,0.33745467817885494,-3.8633441622804003,1.1184525523211514e-4,0.002047412210741339,A0A1I9LNB7,UNIPROT:A0A1I9LNB7
AT3G48390,140.0217102234385,-1.7692082889096132,0.3121128693780286,-5.66848875035256,1.4406252734695672e-8,1.3836745977651745e-6,Q9STL9,UNIPROT:Q9STL9
AT3G48740,5266.741850179553,-1.7746523551328541,0.24862917446289748,-7.1377478486446995,9.4872457264137e-13,3.692010746394545e-10,Q9SMM5,UNIPROT:Q9SMM5
AT3G49780,537.230218469173,-1.5425102018521162,0.3954681413204554,-3.9004664110280145,9.600754627441438e-5,0.0018317747531098564,Q9M2Y0,UNIPROT:Q9M2Y0
AT3G49790,1374.7400842510365,-1.0333965906585274,0.26734656926583805,-3.8653819029596814,1.1091550826010549e-4,0.002033815322675415,A0A384KMY2,UNIPROT:A0A384KMY2
AT3G50260,189.05586226474983,-1.1014700783386533,0.29290996530500213,-3.76043907277689,1.6961538374250486e-4,0.002854876082365457,Q9SNE1,UNIPROT:Q9SNE1
AT3G51330,1124.1754786922902,-1.5276008937061896,0.26503202401017606,-5.763835141852655,8.222373464608759e-9,8.591999605077977e-7,A0A1I9LM45,UNIPROT:A0A1I9LM45
AT3G51350,300.3559308275278,-1.0518487739855902,0.23537820187413075,-4.468760342336499,7.867421689402724e-6,2.4560937061066237e-4,F4J3C0,UNIPROT:F4J3C0
AT3G51710,74.61378160991097,-1.1806044869383454,0.3294450115921481,-3.583616219388776,3.3886988190938666e-4,0.004868639149953384,Q9SCT7,UNIPROT:Q9SCT7
AT3G52430,235.63078697284715,-1.067165135431668,0.20300505425663642,-5.256840226660422,1.4655152665878067e-7,9.477978533568306e-6,Q9S745,UNIPROT:Q9S745
AT3G52490,340.6176641906151,-1.0839315314086635,0.19383643705012318,-5.591990587034857,2.244809929487668e-8,2.0430485854220224e-6,Q9SVD0,UNIPROT:Q9SVD0
AT3G52820,75.15146692985009,-1.620725297411302,0.32772164893392475,-4.945432511655868,7.597498896725893e-7,3.664169820470088e-5,Q8S340,UNIPROT:Q8S340
AT3G53100,454.82608907085097,-1.109415323249673,0.19140291790664918,-5.79622993935106,6.782225895640989e-9,7.431146635461785e-7,Q0WPI9,UNIPROT:Q0WPI9
AT3G53200,252.31533628411785,-1.460559440190815,0.22648161815598689,-6.448909417385343,1.12657867766057e-10,2.3764492835024976e-8,A0A1I9LM30,UNIPROT:A0A1I9LM30
AT3G53980,799.7443298609561,-1.6413746370501938,0.27042222498126683,-6.069673589749874,1.2817048506082248e-9,1.8309721634859647e-7,A0A384LEU9,UNIPROT:A0A384LEU9
AT3G55150,212.97356159337684,-1.2349684984854532,0.235743931330459,-5.238601441469601,1.6179803348536795e-7,1.031622433276339e-5,Q8VY27,UNIPROT:Q8VY27
AT3G55230,3791.9884398358276,-1.3341308844474147,0.3288599902626402,-4.056835504318803,4.9742089322468536e-5,0.001097486508404142,Q9M3C8,UNIPROT:Q9M3C8
AT3G56240,2714.2945357256526,-1.0332068105972605,0.16345255233127873,-6.321142104304377,2.5963712060434476e-10,4.6143853930398945e-8,A0A1I9LNC0,UNIPROT:A0A1I9LNC0
AT3G56360,801.0011629931103,-1.383875547451167,0.2326670774669173,-5.947878670749792,2.716398163991105e-9,3.3873935336708964e-7,Q9LY04,UNIPROT:Q9LY04
AT3G56970,60.5881011517552,-1.655129643438648,0.3834461011802456,-4.316459701491723,1.585516106803201e-5,4.306460174086047e-4,Q9M1K1,UNIPROT:Q9M1K1
AT3G56980,151.02936972028965,-1.6546244156684917,0.3220220257484599,-5.138233671509673,2.773328931026719e-7,1.6301251901615644e-5,Q9M1K0,UNIPROT:Q9M1K0
AT3G58810,233.80888345093743,-1.585619705291645,0.3035330088948411,-5.223878981283984,1.752133149637142e-7,1.1046759028061433e-5,A0A178VJ43,UNIPROT:A0A178VJ43
AT3G59100,386.0896990343924,-1.0306117396628236,0.20397264331551274,-5.0526959052476155,4.3561716991084077e-7,2.302649916172737e-5,A0A1I9LPR4,UNIPROT:A0A1I9LPR4
AT3G59940,2185.888302934767,-1.0174184061441547,0.24746127621161362,-4.111424711453122,3.9322510364214636e-5,9.010643466301406e-4,Q9M1Y1,UNIPROT:Q9M1Y1
AT3G60140,167.36503324691984,-1.8916051634973063,0.5305656749464459,-3.5652611030448598,3.6349413170095674e-4,0.005134184009150372,A0A1I9LT24,UNIPROT:A0A1I9LT24
AT3G61060,946.6763073132394,-1.9109811819688411,0.29598536026935407,-6.45633682770594,1.0726772127665987e-10,2.30584736850999e-8,F4JD33,UNIPROT:F4JD33
AT3G61210,35.036030079518355,-1.8760290397278125,0.5088905417429517,-3.6865079734089914,2.2735232182911823e-4,0.0035710294057098315,A0A384LFJ4,UNIPROT:A0A384LFJ4
AT3G61270,127.9360526955984,-1.3118305347976291,0.28588295534846353,-4.588697962768138,4.460192144605005e-6,1.5270278350253675e-4,A0A1I9LS97,UNIPROT:A0A1I9LS97
AT3G61430,14239.87078340152,-1.2629187652603109,0.2570647611237397,-4.912842817271237,8.976523940921196e-7,4.182073375993971e-5,P61837,UNIPROT:P61837
AT3G61630,440.05696948732157,-1.371502058445055,0.2755229699362443,-4.977813859811467,6.430645332575747e-7,3.16912872929186e-5,Q9M374,UNIPROT:Q9M374
AT3G62040,805.3246388083393,-2.1891158451382586,0.30294168606425814,-7.226195488573061,4.967125968123856e-13,2.1153396269155387e-10,Q9M262,UNIPROT:Q9M262
AT3G63280,201.97112121812773,-1.3401180919493973,0.3465928020434561,-3.866549114835259,1.1038624115365252e-4,0.002028931473191442,A0A1I9LPR2,UNIPROT:A0A1I9LPR2
AT3G63380,433.13903362351994,-1.4704121481868277,0.3043293678955006,-4.831647232585625,1.3540802592505913e-6,5.810445918544695e-5,Q9LY77,UNIPROT:Q9LY77
AT4G00080,215.01909206047833,-1.3462581319882831,0.2771977580787891,-4.856670347260278,1.193760864483324e-6,5.2217783860955635e-5,O81309,UNIPROT:O81309
AT4G00780,87.650984805319,-1.6082016858325476,0.36763856641021186,-4.3744096315458725,1.2176154971288479e-5,3.5054591053182687e-4,A0A178UXI0,UNIPROT:A0A178UXI0
AT4G00910,374.0848011729381,-2.0955804299168292,0.2629498717357578,-7.969505427341334,1.5931063382460812e-15,1.1986001053517433e-12,A0A178UU23,UNIPROT:A0A178UU23
AT4G00940,84.42763032885179,-1.357104684424351,0.3606022550152886,-3.763439261817188,1.675924455407117e-4,0.002829266333806585,Q9M161,UNIPROT:Q9M161
AT4G01240,21.78880220842281,-1.7219835155492962,0.4982805964552474,-3.455851036141951,5.485583889811159e-4,0.007095422004408462,Q9M144,UNIPROT:Q9M144
AT4G01330,1207.74274749869,-1.0170322802071894,0.2244074658680985,-4.532078628814325,5.840610029415779e-6,1.9071700051384978e-4,A0A178V0V0,UNIPROT:A0A178V0V0
AT4G01350,469.76863664572824,-1.2438946787956509,0.1934152293792327,-6.431213730107697,1.265890119394912e-10,2.621321640813079e-8,F4JI14,UNIPROT:F4JI14
AT4G01430,208.94333180199612,-2.949648642092599,0.3407934098730545,-8.655239674943664,4.918769403813252e-18,5.551077210673446e-15,A0A1P8B3G6,UNIPROT:A0A1P8B3G6
AT4G01450,598.2489073991374,-1.5671235618861388,0.2462518315364678,-6.363906217907911,1.9668625986719704e-10,3.69950464288542e-8,A0A178USL1,UNIPROT:A0A178USL1
AT4G01600,53.12120769105375,-1.55808187320829,0.369652025205893,-4.214996177392648,2.4978241993819383e-5,6.196926009848436e-4,A0A1P8B757,UNIPROT:A0A1P8B757
AT4G04630,42.76800058022263,-1.9536806071329,0.41486846397786004,-4.709156700898723,2.487437864498535e-6,9.404348415342787e-5,Q8LFI5,UNIPROT:Q8LFI5
AT4G04990,28.776890441248685,-2.1081249560883273,0.47187839408016236,-4.467517442068349,7.913256113218304e-6,2.466990383031082e-4,Q9S9T8,UNIPROT:Q9S9T8
AT4G05200,254.18391478809065,-1.1328055515090962,0.2269971122652386,-4.990396310352399,6.02555388317321e-7,3.0222839266022784e-5,A0A1P8B7N7,UNIPROT:A0A1P8B7N7
AT4G07820,949.9184290888338,-1.7197790962254518,0.3084702818476161,-5.575185674044997,2.472659930349407e-8,2.1972601294455302e-6,NA,NA
AT4G08290,529.9914429473275,-1.8579015097123002,0.21345941225140355,-8.703769443177055,3.2103891631395863e-18,3.813773357959137e-15,Q9SUF1,UNIPROT:Q9SUF1
AT4G08300,1151.3252582046769,-1.878728634881063,0.3148062709339437,-5.967888216798832,2.4034392889430225e-9,3.0306161000409475e-7,Q501F8,UNIPROT:Q501F8
AT4G08780,24.85181543858453,-3.68821087059544,0.6588826980483101,-5.597674489739015,2.172461575120741e-8,1.9932776508963515e-6,Q9LDA4,UNIPROT:Q9LDA4
AT4G09420,119.23206859062243,-1.2638934018651184,0.3675532631575429,-3.438667340366887,5.845851089182562e-4,0.00746304892160292,Q9M0Q0,UNIPROT:Q9M0Q0
AT4G10510,89.59936299930929,-1.9925108223469805,0.3132444211158,-6.360882071736532,2.0059841612965175e-10,3.7419064879854296e-8,A0A1P8B3Q4,UNIPROT:A0A1P8B3Q4
AT4G11230,168.03839698881194,-1.1084326618616784,0.32864952188710334,-3.3726891050900227,7.443795069001106e-4,0.008975101415727776,Q9SUT8,UNIPROT:Q9SUT8
AT4G11320,2813.0340329999,-1.8762821084553014,0.37643475560160294,-4.984348763059092,6.217085146920474e-7,3.090877287470089e-5,Q9SUS9,UNIPROT:Q9SUS9
AT4G11650,1102.1345886010718,-1.554773358971076,0.2699288329835079,-5.759938061400315,8.41448073689268e-9,8.75222325863616e-7,P50700,UNIPROT:P50700
AT4G12050,219.68705301681854,-1.1247003395308797,0.21715239262781558,-5.179313595952587,2.2270381972299877e-7,1.3440235066758839e-5,Q9SZ70,UNIPROT:Q9SZ70
AT4G12550,983.9906551029725,-1.6002816609156716,0.3622720169690637,-4.417348252024467,9.991917264837499e-6,2.9871200607238036e-4,Q9S7I2,UNIPROT:Q9S7I2
AT4G13130,171.3691122910112,-1.2921392191718368,0.25765010999082544,-5.015092829643457,5.300786669656387e-7,2.7007687566775237e-5,Q9SVR4,UNIPROT:Q9SVR4
AT4G13235,38.816776842773635,-1.4021099165184971,0.39294664931832574,-3.5681941020513683,3.5945018676981504e-4,0.005099219887895534,A0A178UY76,UNIPROT:A0A178UY76
AT4G13300,42.37345523851765,-1.8389245250004769,0.4157276305110735,-4.42338779055845,9.716510742859192e-6,2.908638779536801e-4,Q9T0K1,UNIPROT:Q9T0K1
AT4G13310,290.03213418914237,-2.0861998245623514,0.49482708058940944,-4.216017890688987,2.486540422892356e-5,6.187839458115036e-4,F4JT00,UNIPROT:F4JT00
AT4G13420,185.55647832114724,-1.3829076550252306,0.28797916860908446,-4.802110033529717,1.5700237393433916e-6,6.397492005803672e-5,Q9M7K4,UNIPROT:Q9M7K4
AT4G13620,181.60172208723176,-1.4031871151354132,0.3547649573238129,-3.9552585061400225,7.645194018127451e-5,0.001544849366008547,Q9SVQ0,UNIPROT:Q9SVQ0
AT4G14580,173.642359836819,-1.3687366946117467,0.339939676733272,-4.026410531906527,5.663477435701661e-5,0.0012185924614034527,Q9SUL7,UNIPROT:Q9SUL7
AT4G14630,166.98632183783573,-1.9992930826865414,0.45303242363682605,-4.413134641968313,1.0188458870982684e-5,3.0248091865886414e-4,Q9LEA7,UNIPROT:Q9LEA7
AT4G14650,111.17543081533621,-1.5275094711537565,0.3619987452073204,-4.219654049571183,2.4467748673519533e-5,6.10233762773491e-4,Q6NKT4,UNIPROT:Q6NKT4
AT4G15380,161.70776692581978,-1.0855972356264996,0.26686123983722,-4.068021404264973,4.741402693091548e-5,0.0010533287419859187,NA,NA
AT4G15390,2884.8683520898753,-1.5025136317633847,0.28866451080625694,-5.2050514542531605,1.9394286043426852e-7,1.1927750144037806e-5,NA,NA
AT4G15400,177.97348610988394,-1.2122859029102864,0.34114984152747435,-3.5535291398124698,3.8009908512320976e-4,0.005308921070740078,O23393,UNIPROT:O23393
AT4G15740,92.44219925456599,-1.2429964854513729,0.3027262316416338,-4.10600851703802,4.025546440546558e-5,9.20573543156802e-4,O23425,UNIPROT:O23425
AT4G15960,215.5980956635932,-1.530817524731415,0.25603604086070736,-5.978914216863062,2.2462980150193138e-9,2.864474152372934e-7,F4JKY6,UNIPROT:F4JKY6
AT4G15990,128.2080709140784,-2.731188912929781,0.4147321595293354,-6.585428330489994,4.535758497121163e-11,1.137517833761353e-8,O23448,UNIPROT:O23448
AT4G16000,53.221405274024114,-2.748482089835601,0.40666091859167836,-6.758658046989037,1.392756688267455e-11,4.191454828117964e-9,O23449,UNIPROT:O23449
AT4G16008,118.26552828463417,-1.9840404641236988,0.5748428602131762,-3.451448389544113,5.575863852170529e-4,0.0071765685505426466,Q8LBY3,UNIPROT:Q8LBY3
AT4G17800,321.13282234021324,-1.2299188202957507,0.22303076141909595,-5.514570333123764,3.4963306751887945e-8,2.9336683892076683e-6,O23620,UNIPROT:O23620
AT4G18260,80.23904717634755,-1.156964203169044,0.2984124602403282,-3.8770639880026327,1.0572456003019719e-4,0.0019640403657955395,Q0WPS2,UNIPROT:Q0WPS2
AT4G18340,160.63524316232434,-1.8345863164816165,0.3380317885371064,-5.427259739153882,5.722582173324459e-8,4.334375913896187e-6,A0A178V5Z7,UNIPROT:A0A178V5Z7
AT4G18510,174.35705952898462,-1.6879931292414787,0.48906728041648984,-3.4514538118436042,5.575751817133279e-4,0.0071765685505426466,O49519,UNIPROT:O49519
AT4G19370,65.99368040285557,-1.2416238479968031,0.3492678391466757,-3.5549332312712045,3.780750852945272e-4,0.005293754807805691,O65708,UNIPROT:O65708
AT4G19920,49.27320193678386,-1.5015571770206377,0.37797432389252456,-3.9726433307877267,7.107943973128378e-5,0.0014638084253419763,F4JU09,UNIPROT:F4JU09
AT4G20110,1704.8568831124758,-1.1945952999474356,0.2354400084167188,-5.073884035176607,3.8977664801311663e-7,2.1148194044000135e-5,F4JUS0,UNIPROT:F4JUS0
AT4G20860,959.4660539924923,-1.066687879184512,0.26556751375235826,-4.016635408874591,5.903494905328385e-5,0.0012582415817579506,Q9SUC6,UNIPROT:Q9SUC6
AT4G21250,77.44042597264416,-1.428053351189163,0.3130635950199434,-4.5615439607348485,5.077884169978033e-6,1.697969238527025e-4,F4JIP9,UNIPROT:F4JIP9
AT4G21903,61.296301294058225,-1.4936334156199478,0.32191962515231703,-4.639771231447078,3.487950770777808e-6,1.2476471766596816e-4,A0A1P8B6P0,UNIPROT:A0A1P8B6P0
AT4G22610,71.52338283800651,-1.0004643344147703,0.29442609271770226,-3.39801518669754,6.78766519954804e-4,0.008335385811697432,Q9SUV8,UNIPROT:Q9SUV8
AT4G22810,440.9947331377261,-1.2605348545595427,0.20353015709819372,-6.193356662872294,5.889624916907565e-10,9.563649208598607e-8,O49662,UNIPROT:O49662
AT4G23350,18.759952435431998,-3.0052028080057576,0.7923187015019362,-3.792921714846603,1.4888510474295294e-4,0.002575084826937311,A0A178V147,UNIPROT:A0A178V147
AT4G23410,221.99601760248692,-1.2462468731805727,0.2971463918271159,-4.194050163347288,2.740173431681544e-5,6.66470415156079e-4,A0A178UTQ4,UNIPROT:A0A178UTQ4
AT4G24015,90.75041425584249,-1.1866312687410625,0.2885532981553465,-4.112346926293747,3.916571520915275e-5,8.983834938879945e-4,Q84TF5,UNIPROT:Q84TF5
AT4G24180,109.6077879780218,-1.3649362399914131,0.3836925729434437,-3.5573694573249,3.745871472016367e-4,0.0052546963949584476,A0A178UWR9,UNIPROT:A0A178UWR9
AT4G24230,567.7226359300649,-1.1182148257215778,0.22732522141372694,-4.919009068890122,8.698343993535152e-7,4.101136796162366e-5,A0A178V431,UNIPROT:A0A178V431
AT4G25070,203.44413510454984,-1.2357851307223726,0.30300547682587925,-4.078425062371104,4.534181216702319e-5,0.0010162959706274878,A0A178V607,UNIPROT:A0A178V607
AT4G25760,162.2770181606859,-1.1980571816384709,0.2962773389792862,-4.04370170788604,5.2613850635432886e-5,0.0011484519315606882,Q9SW07,UNIPROT:Q9SW07
AT4G26470,67.60629528212533,-1.1366216317614375,0.3016043824568652,-3.768584602460127,1.641758414307367e-4,0.0027840818309039506,A0A1P8B552,UNIPROT:A0A1P8B552
AT4G27400,43.30215685278269,-1.362546957371907,0.39559868113492364,-3.444265672127441,5.726127462379994e-4,0.007318483745944441,O81843,UNIPROT:O81843
AT4G27460,531.3298601083268,-1.1954659649004349,0.35248064955161545,-3.3915789885804126,6.94911294992432e-4,0.008482878766508483,Q84WQ5,UNIPROT:Q84WQ5
AT4G28040,884.9301445228425,-1.3587871868138173,0.32430327720402236,-4.18986572855072,2.7911956980497472e-5,6.781493875207841e-4,Q9SUD5,UNIPROT:Q9SUD5
AT4G28140,44.95483103284755,-1.9886124891943209,0.5688822564135491,-3.495648645699188,4.7291096441683556e-4,0.006328732305951119,Q9M0J3,UNIPROT:Q9M0J3
AT4G28410,254.24275901846826,-1.1994166285322019,0.27693436521531195,-4.331050166344198,1.4839986350611342e-5,4.0940322007674944e-4,A0A1P8B6P3,UNIPROT:A0A1P8B6P3
AT4G28890,478.81275304716223,-1.0835292515387172,0.24261709418886604,-4.466005394884667,7.969360090670026e-6,2.481054160089837e-4,Q5XF85,UNIPROT:Q5XF85
AT4G29450,51.356171622134724,-1.3336135970510437,0.35243540761134867,-3.7839943667683302,1.543313176360037e-4,0.002648972058935803,Q9M0D8,UNIPROT:Q9M0D8
AT4G29905,1352.8356802002222,-1.3661190646112367,0.2696569691817783,-5.066136687497674,4.0597045698043274e-7,2.169990875455808e-5,Q940I1,UNIPROT:Q940I1
AT4G30450,602.26881422669,-1.1844623865851653,0.31938110108131684,-3.708617643858621,2.0839383396011233e-4,0.0033454176574066108,Q9M0B5,UNIPROT:Q9M0B5
AT4G30460,145.49943792424193,-2.188986236457866,0.3037741598869855,-7.205965896744624,5.763382755941855e-13,2.4089872626734003e-10,A0A178USH6,UNIPROT:A0A178USH6
AT4G31110,143.62036451171144,-1.4941745401098192,0.2984305519293853,-5.006774710061761,5.534964643517448e-7,2.807408695928816e-5,A0A1P8B7G4,UNIPROT:A0A1P8B7G4
AT4G31710,37.008582049460124,-1.9911106490290658,0.5741098843915498,-3.4681699499726864,5.240157774736471e-4,0.006860533708444134,A0A1P8B4K2,UNIPROT:A0A1P8B4K2
AT4G31730,427.8028656253964,-2.2898432051930757,0.42130051889896486,-5.435177747175335,5.474183507509777e-8,4.20264612068038e-6,O81775,UNIPROT:O81775
AT4G31870,137.54276512609547,-1.5233612397057246,0.29935520024604856,-5.088808340238054,3.6032054580625e-7,1.989390623038499e-5,A0A1P8B5T1,UNIPROT:A0A1P8B5T1
AT4G31875,132.24772286951847,-1.2986319198386373,0.3062017249357648,-4.241099295280146,2.2242770183424983e-5,5.647261707650003e-4,Q93ZC6,UNIPROT:Q93ZC6
AT4G31910,671.7027772830327,-2.0902454947331526,0.27366340653232357,-7.638016062210585,2.2059434764583087e-14,1.2143987855400117e-11,A0A178UTQ2,UNIPROT:A0A178UTQ2
AT4G32780,183.4905970501339,-1.605446893824149,0.3015931554998618,-5.323220585570897,1.0194599643331857e-7,7.123910481413107e-6,A0A1P8B8L2,UNIPROT:A0A1P8B8L2
AT4G32860,435.70623051739483,-1.5525164591973828,0.29027083726478303,-5.348509942737334,8.86813051200447e-8,6.415467108540157e-6,A0A178V450,UNIPROT:A0A178V450
AT4G32870,114.32531839952142,-1.3311862895092228,0.29347224320484,-4.535987032273002,5.733470310483114e-6,1.878231616515448e-4,A0A178UZX9,UNIPROT:A0A178UZX9
AT4G33420,968.0739626904029,-1.7069860331268676,0.24566926729264418,-6.948309212374885,3.6969002163959684e-12,1.227099040945197e-9,A0A1P8B4A9,UNIPROT:A0A1P8B4A9
AT4G34600,413.8747350004828,-1.964973188775216,0.3206248494620987,-6.128574226457444,8.867006032263936e-10,1.3254118751935715e-7,A0A178V1E2,UNIPROT:A0A178V1E2
AT4G34930,106.64863824137065,-1.2914290534050188,0.27345652013331295,-4.722612036368464,2.3283474876475726e-6,8.93283888162056e-5,Q9SW42,UNIPROT:Q9SW42
AT4G35190,174.65859087252147,-1.3645977026159963,0.289039006504121,-4.7211541415139084,2.345101280193229e-6,8.956223518653363e-5,A0A1P8B6D1,UNIPROT:A0A1P8B6D1
AT4G36040,2867.1904027092614,-1.3086996314546815,0.2771682218700546,-4.72167993366946,2.339045696667321e-6,8.948237359233577e-5,A0A178V479,UNIPROT:A0A178V479
AT4G36430,186.2717416364384,-1.3545805645940996,0.35073743769411014,-3.862092890623996,1.124198030142208e-4,0.002051275160738866,O23237,UNIPROT:O23237
AT4G37160,48.95280128584551,-1.9358914730019572,0.42583037647976674,-4.546156356917249,5.4634455974545875e-6,1.8054967874106512e-4,A0A178UTS2,UNIPROT:A0A178UTS2
AT4G37220,276.3329970817091,-2.0752949795093625,0.4531809941208463,-4.579395443393109,4.663218244692045e-6,1.5827593834728443e-4,O23164,UNIPROT:O23164
AT4G37340,64.24639453194669,-1.8750814467771517,0.36089105211116174,-5.195699466108095,2.0395151929284528e-7,1.2441593897185977e-5,O23154,UNIPROT:O23154
AT4G37730,89.71238830692624,-1.0738957388129187,0.27916813794537126,-3.8467704327456698,1.1968501403178366e-4,0.002150804499770214,Q9T062,UNIPROT:Q9T062
AT4G37850,151.89825651111997,-1.5511834856135596,0.2921361106996631,-5.309797141813418,1.0974731965163309e-7,7.621866928790801e-6,Q9T072,UNIPROT:Q9T072
AT4G37900,130.00675362923624,-1.0559523075951591,0.28016150350876207,-3.769084240234077,1.6384758634724949e-4,0.0027816764397850693,Q9SZJ2,UNIPROT:Q9SZJ2
AT4G38080,201.6328620224662,-1.7283689605610886,0.4725443877378785,-3.657580124557143,2.546076808412122e-4,0.0038912990608757966,Q9SZK8,UNIPROT:Q9SZK8
AT4G38540,1663.9993403831604,-1.1440462369142996,0.26360860486662063,-4.339942686973965,1.425198822883646e-5,3.966481212244978e-4,A0A178V3P8,UNIPROT:A0A178V3P8
AT4G39675,1681.2689957661237,-1.6631956049720396,0.3438144790374283,-4.837479822340411,1.3149572885298934e-6,5.674933261837137e-5,Q8LEP7,UNIPROT:Q8LEP7
AT4G39795,49.72111127628651,-2.2482514134823095,0.3940399896779589,-5.705642758035196,1.1590486611280399e-8,1.1474073390491663e-6,F4JW68,UNIPROT:F4JW68
AT4G40065,166.44341942932172,-1.301182465203898,0.35943302010705586,-3.6200971875548476,2.944923814574623e-4,0.004352747557474976,NA,NA
AT4G40070,805.51161684458,-1.9464157404651223,0.3036612347949123,-6.409826205770713,1.456856141698317e-10,2.9099734490506824e-8,Q8W571,UNIPROT:Q8W571
AT5G01550,37.7690058641647,-1.8013890088573343,0.41327141873503825,-4.3588521421856745,1.3074640774800627e-5,3.707383378492776e-4,A0A2H1ZE50,UNIPROT:A0A2H1ZE50
AT5G02020,2484.021449787913,-1.4985279309074604,0.31396623123117,-4.77289524109397,1.8159626095944895e-6,7.203531117953818e-5,A0A178UAJ1,UNIPROT:A0A178UAJ1
AT5G02090,259.8566205430645,-1.295308849498518,0.3128834457477792,-4.139908541350855,3.474443152349998e-5,8.177440708205611e-4,A0A178UPJ9,UNIPROT:A0A178UPJ9
AT5G02400,228.50920250887566,-1.0386678682397528,0.24241082718215423,-4.284742065003841,1.829513176535954e-5,4.79604435628258e-4,Q9LZ86,UNIPROT:Q9LZ86
AT5G02640,63.52713493504391,-1.5398987680517433,0.3354822536129876,-4.590104995026565,4.430231022901606e-6,1.5196769668375707e-4,Q9LZ38,UNIPROT:Q9LZ38
AT5G02810,410.4418634271362,-1.0874891040889068,0.23436863779700334,-4.640079467589974,3.482752237260151e-6,1.2476471766596816e-4,A0A1P8BCB0,UNIPROT:A0A1P8BCB0
AT5G03240,32534.19489289646,-1.2594984598134182,0.3048806663512901,-4.131119479915453,3.6100087723229386e-5,8.426215925553366e-4,Q1EC66,UNIPROT:Q1EC66
AT5G03380,1908.933639898245,-1.2128930472790789,0.17937785158722958,-6.761665593309114,1.3641428009632849e-11,4.1608198865597706e-9,F4KFA7,UNIPROT:F4KFA7
AT5G04080,120.10773110759382,-1.3539130905944394,0.309212165904436,-4.378589330837891,1.1944997801141903e-5,3.456545453456076e-4,A0A178UN81,UNIPROT:A0A178UN81
AT5G05790,175.72887606424922,-1.6054518931750374,0.38198269699714066,-4.202944022846813,2.634657591299192e-5,6.472358849726146e-4,Q9FFJ9,UNIPROT:Q9FFJ9
AT5G06570,694.8289451619097,-1.276978326233358,0.22527592621163792,-5.6685077172146965,1.4404658368239799e-8,1.3836745977651745e-6,A0A1P8BCJ0,UNIPROT:A0A1P8BCJ0
AT5G06610,140.1720723249752,-1.2942011184684128,0.27314353852262047,-4.738172191326551,2.156545333463716e-6,8.349122593758067e-5,A0A178UNF7,UNIPROT:A0A178UNF7
AT5G06710,84.9474466669472,-1.2321321887691152,0.2970435988875478,-4.147984314031844,3.354153739423568e-5,7.960736493431058e-4,A0A1P8BFV4,UNIPROT:A0A1P8BFV4
AT5G06740,168.22826337533576,-1.5816761566141646,0.2670599318398253,-5.922551337887735,3.1698480199281693e-9,3.8260235111122305e-7,A0A1P8BAS9,UNIPROT:A0A1P8BAS9
AT5G06800,505.9080890447463,-1.133242422340686,0.3144801532084803,-3.6035419430408973,3.13910064148445e-4,0.004591875604597895,A0A1P8BBX9,UNIPROT:A0A1P8BBX9
AT5G06850,181.9693396185253,-1.6695761962269775,0.3052865281886455,-5.468882646519199,4.528814652245039e-8,3.6248182807029355e-6,Q9FL59,UNIPROT:Q9FL59
AT5G07080,365.5673876510358,-1.2971490023818397,0.2542001944058568,-5.102863927439834,3.3455155790222326e-7,1.8773762060739946e-5,Q9LYQ7,UNIPROT:Q9LYQ7
AT5G07390,49.369440766011486,-1.301723503778324,0.3702472132332066,-3.515822556531738,4.3839387504234753e-4,0.005957247533763291,F4K6P2,UNIPROT:F4K6P2
AT5G07475,21.56847927586261,-2.2284407350940967,0.5655588432818918,-3.9402455846373776,8.139823634383038e-5,0.0016172883736941864,NA,NA
AT5G07650,66.29426756399725,-1.8952517832537534,0.3700262737131123,-5.121938407874178,3.024106783699537e-7,1.7236645003758143e-5,A0A1P8BH35,UNIPROT:A0A1P8BH35
AT5G07680,237.8534909976988,-1.2335999246819216,0.2043023521211961,-6.038109262443177,1.559304727924553e-9,2.1460406715844562e-7,Q9FLR3,UNIPROT:Q9FLR3
AT5G07780,63.56906172330815,-1.2745547006543305,0.3599351903181689,-3.541067211371228,3.9851204903356547e-4,0.005504783022482623,Q9FF14,UNIPROT:Q9FF14
AT5G09220,1314.3612202006584,-2.1906755938659543,0.37960274325207133,-5.770968816237607,7.881706096080887e-9,8.352018229795386e-7,Q38967,UNIPROT:Q38967
AT5G09480,24.899707358384735,-2.288812932897291,0.6199553369045826,-3.691899717042943,2.2258523437443484e-4,0.003528069750748152,Q9FY67,UNIPROT:Q9FY67
AT5G09530,230.28163055776767,-2.6049932422299698,0.41157408789830124,-6.329342198223266,2.462085409596799e-10,4.419727646785768e-8,Q9LXB8,UNIPROT:Q9LXB8
AT5G10130,108.06069077686168,-1.2460544739130843,0.2980014768933519,-4.181370129111875,2.897577378271957e-5,7.024835553703151e-4,Q9LX15,UNIPROT:Q9LX15
AT5G10210,227.70303681492297,-2.358953101550298,0.3646056627831879,-6.469875107104536,9.808395269075042e-11,2.167059677142122e-8,Q9LX09,UNIPROT:Q9LX09
AT5G10230,31.779348685824093,-2.0023255466083327,0.480036971327342,-4.171190275348452,3.0301270670721042e-5,7.306944234068852e-4,Q9LX07,UNIPROT:Q9LX07
AT5G10280,187.05512092371748,-1.389777918416079,0.24098463936410397,-5.767080931313061,8.065632575104244e-9,8.5069809744242e-7,Q9SBF3,UNIPROT:Q9SBF3
AT5G10530,55.300540048734106,-1.6072421070592935,0.43310609879116,-3.710966231011888,2.0646964860508992e-4,0.003321615423140046,Q9LXA5,UNIPROT:Q9LXA5
AT5G10580,1132.3051529239467,-2.260943786899062,0.31852393586736355,-7.098191163381018,1.2640027116584526e-12,4.677017246695562e-10,A0A1P8BAB6,UNIPROT:A0A1P8BAB6
AT5G10625,448.26784580902927,-2.0571635037727733,0.3000230968956099,-6.8566837855438285,7.0477394766473945e-12,2.2724932532486903e-9,Q9LXB5,UNIPROT:Q9LXB5
AT5G12330,80.30153372984941,-1.566651731934987,0.3773468913124922,-4.151754706354785,3.299357897960711e-5,7.855582318067379e-4,A0A178USY6,UNIPROT:A0A178USY6
AT5G12420,49.68751103307165,-1.3289858738023534,0.36858026747955613,-3.6056891566395852,3.113256196252585e-4,0.004562941922442668,A0A1P8BET2,UNIPROT:A0A1P8BET2
AT5G13580,72.9223774374302,-1.630038839930293,0.4730570082132587,-3.445755610062658,5.694651148242817e-4,0.007298919424587656,Q9FNB5,UNIPROT:Q9FNB5
AT5G14020,41.33386481695368,-1.5129071745187983,0.39019809338634454,-3.8772797718948167,1.0563086824932366e-4,0.0019639162497985868,A0A1P8BHC4,UNIPROT:A0A1P8BHC4
AT5G14070,37.70575829960942,-1.5195908766744608,0.4260397888601445,-3.566781592724183,3.6139243836845534e-4,0.005112066150621917,Q8LF89,UNIPROT:Q8LF89
AT5G14130,52.87000137910317,-1.7480572179694593,0.4462965702379394,-3.9168062999845525,8.972978793376541e-5,0.0017414368387386238,A0A1P8BG91,UNIPROT:A0A1P8BG91
AT5G14200,103.75954623380144,-1.167793283853442,0.31590290268665294,-3.696684246715476,2.1843374525280698e-4,0.0034744665708957762,B9DHH9,UNIPROT:B9DHH9
AT5G14470,18.25929565284448,-2.077267967972433,0.5997867431675589,-3.463344249661281,5.33505357334536e-4,0.006964574563561487,Q9LY82,UNIPROT:Q9LY82
AT5G14880,1237.8374358931203,-1.0255569577430637,0.1998458294004637,-5.131740606345043,2.870749474997343e-7,1.6786447253928766e-5,Q9M7J9,UNIPROT:Q9M7J9
AT5G14940,88.44777549319589,-2.145590813772889,0.4303592282974587,-4.985581051116405,6.177587508020534e-7,3.0848302576002536e-5,Q9LFR1,UNIPROT:Q9LFR1
AT5G15130,342.51227943824296,-1.4375243496613739,0.29277547173896723,-4.909989013502613,9.10814957104042e-7,4.2213561389723476e-5,A0A1P8BDI5,UNIPROT:A0A1P8BDI5
AT5G15830,495.5810814277815,-1.1123266218225787,0.27248672751834213,-4.0821313828861765,4.4624556335926266e-5,0.001003208028942422,Q9LFU3,UNIPROT:Q9LFU3
AT5G17800,72.95691270712072,-1.3184229021698788,0.3349711561556426,-3.9359296403338098,8.2875253040346e-5,0.0016383936212604222,Q6R053,UNIPROT:Q6R053
AT5G18130,505.2496646896064,-1.0706147586594565,0.21071707473848417,-5.080816350493525,3.758163116733677e-7,2.0538861914720537e-5,Q3E9G1,UNIPROT:Q3E9G1
AT5G19040,80.6213063096893,-1.234941568014071,0.32077650584934586,-3.8498504269950082,1.1818997766477942e-4,0.0021307236308879683,Q94ID2,UNIPROT:Q94ID2
AT5G19120,4004.0680447218247,-1.445813129310388,0.27934202569427347,-5.175780929192379,2.2695964134238542e-7,1.3624218257284525e-5,NA,NA
AT5G19530,561.5473935397724,-1.0037021288062737,0.20933207810472662,-4.79478414342274,1.6285008782810904e-6,6.563730950657587e-5,Q9S7X6,UNIPROT:Q9S7X6
AT5G19890,1623.9820532936287,-2.6837650246094436,0.2786712057529011,-9.630578865723031,5.939393758919521e-22,1.117150471104771e-18,Q39034,UNIPROT:Q39034
AT5G19970,290.20053942280936,-1.5144442299663123,0.2783951336053004,-5.43990913330203,5.330775335467873e-8,4.134739865870975e-6,A0A1P8BBM0,UNIPROT:A0A1P8BBM0
AT5G20250,8330.865975114035,-1.5678558297702452,0.1578764095138406,-9.930906299416414,3.054663606328991e-23,7.660756917605738e-20,F4K470,UNIPROT:F4K470
AT5G20820,109.9800533895894,-1.5889877086036672,0.3603107518206638,-4.410047994889002,1.0334771110957862e-5,3.053221449547512e-4,Q29PU2,UNIPROT:Q29PU2
AT5G20960,2437.9726268132536,-1.081163277868223,0.19698914785852312,-5.488440808143961,4.054971048904418e-8,3.3352065178931544e-6,Q7G193,UNIPROT:Q7G193
AT5G21170,1651.80331187833,-1.032478770051499,0.21771301019120334,-4.742384339570425,2.112174211588593e-6,8.205487802025153e-5,A0A1P8BB45,UNIPROT:A0A1P8BB45
AT5G22890,416.8652461775282,-1.2122442108136866,0.19472347708970966,-6.225465100210809,4.80129526835453e-10,8.027410037187416e-8,Q0WT24,UNIPROT:Q0WT24
AT5G23020,186.9436111945857,-1.4317927433117408,0.31386911450689386,-4.561750988341648,5.072878845350627e-6,1.697969238527025e-4,Q9FN52,UNIPROT:Q9FN52
AT5G23660,1516.978192573548,-1.6223743457840496,0.29351154081743486,-5.527463558215491,3.248936846653407e-8,2.7672359836156245e-6,O82587,UNIPROT:O82587
AT5G23980,750.5802120218825,-1.8356178742386626,0.4061224358251525,-4.519863253821686,6.1879587607841105e-6,2.009617513520261e-4,Q8W110,UNIPROT:Q8W110
AT5G24070,23.840822161181666,-2.0565179222811967,0.49831846053195733,-4.1269149854208775,3.676622344980757e-5,8.555159066861925e-4,Q9FLV5,UNIPROT:Q9FLV5
AT5G25160,127.4346875840935,-1.707024165391053,0.32201353807926303,-5.301094406070816,1.1511054143712641e-7,7.873212214476908e-6,Q39262,UNIPROT:Q39262
AT5G25620,269.56869578405633,-1.0285253572742614,0.23769143222095274,-4.327145272607751,1.5105433965888724e-5,4.1527984171020024e-4,A0A178UD30,UNIPROT:A0A178UD30
AT5G27000,199.77297002148413,-1.0094451778158213,0.2572474656961545,-3.9240237997451,8.708212686858503e-5,0.0017061898312073199,O81635,UNIPROT:O81635
AT5G28080,164.37101451754137,-1.6319662515003868,0.3344545750286821,-4.87948550669529,1.0636293887274333e-6,4.772798992637554e-5,A0A1P8BGR1,UNIPROT:A0A1P8BGR1
AT5G28650,25.941040250531913,-1.5460919937042408,0.44875532278187635,-3.445289482294876,5.704481166652795e-4,0.007305855160159168,Q93WU6,UNIPROT:Q93WU6
AT5G35580,388.40027525363115,-1.101749113815424,0.23761948844385566,-4.636610915336363,3.5416818495770704e-6,1.2628641552417703e-4,A0A1P8BBL9,UNIPROT:A0A1P8BBL9
AT5G38100,212.4963877289878,-1.2735888831449473,0.23071960464253852,-5.52007223277866,3.3886033918708316e-8,2.8753446299968623e-6,A0A1P8BF88,UNIPROT:A0A1P8BF88
AT5G38900,32.76730962491549,-1.4127959388104354,0.40893843728660323,-3.454788814141924,5.507240150319541e-4,0.007115278616649248,A0A178UR18,UNIPROT:A0A178UR18
AT5G40450,17833.045055968458,-1.046257058743698,0.1559727800980439,-6.707946464030612,1.973823142238809e-11,5.645656254661388e-9,F4KHD5,UNIPROT:F4KHD5
AT5G41040,390.4222755931963,-1.3763294669000492,0.23847142738786845,-5.771464875167121,7.858534150014964e-9,8.352018229795386e-7,F4JWW6,UNIPROT:F4JWW6
AT5G42655,143.27438436943964,-1.1217226414414982,0.31019400075486453,-3.6161970854102896,2.989627908112966e-4,0.004407504344481891,F4K313,UNIPROT:F4K313
AT5G43180,176.31344096859004,-1.8589781033715,0.4008329726159062,-4.637787383706193,3.5215876849580714e-6,1.2576860069175416e-4,A0A178U768,UNIPROT:A0A178U768
AT5G43540,269.2140445298566,-2.873859789153031,0.3474728265512812,-8.270746860053809,1.3312243054837642e-16,1.2018825519629617e-13,NA,NA
AT5G43780,6493.256211885477,-1.4159442521450214,0.24138661537622932,-5.865877235728694,4.467642711113367e-9,5.252039772528115e-7,Q9S7D8,UNIPROT:Q9S7D8
AT5G44005,74.58047766071778,-2.1495812361525206,0.38802801376079504,-5.539757852322637,3.028901659665504e-8,2.6193616613145635e-6,NA,NA
AT5G44350,75.9454907510477,-1.2127032926353998,0.3497029352634028,-3.467809876179532,5.24718383248274e-4,0.006865749929447417,Q9FKV3,UNIPROT:Q9FKV3
AT5G44610,4398.725406820634,-1.9008799521146857,0.3999178949152433,-4.7531755299860965,2.0024635372318457e-6,7.846806336607636e-5,Q9LU05,UNIPROT:Q9LU05
AT5G44790,4781.367085152036,-1.2391547332696973,0.2777827259775306,-4.460877575842964,8.162471142338285e-6,2.529325099713281e-4,Q9S7J8,UNIPROT:Q9S7J8
AT5G45475,47.9384965282898,-2.1307845992524324,0.6184806293459326,-3.445192133997503,5.706536107111166e-4,0.007305855160159168,NA,NA
AT5G46350,34.019135909953015,-1.578202346746952,0.4044347580634325,-3.9022421176258617,9.530575435237227e-5,0.0018261003238432892,Q9FL26,UNIPROT:Q9FL26
AT5G47050,793.4889258035357,-1.0172267235619012,0.20274070814577713,-5.017377777088962,5.238150414294037e-7,2.6809590249666828e-5,Q9FJQ8,UNIPROT:Q9FJQ8
AT5G47240,149.4862117704065,-1.883222441021573,0.5156406801774875,-3.6521991251220776,2.60004144584315e-4,0.003952053253069619,A0A1P8BEI5,UNIPROT:A0A1P8BEI5
AT5G47450,3510.8581184301174,-1.4551153872449123,0.3752205706261029,-3.878026689253386,1.0530716684080376e-4,0.0019611287646565854,Q9FGL2,UNIPROT:Q9FGL2
AT5G47530,101.26200731267389,-1.2505924941204083,0.2663386254458028,-4.69549804136423,2.6595791682781742e-6,9.999072156668147e-5,Q9FGK4,UNIPROT:Q9FGK4
AT5G47740,264.8581474954349,-1.6548762064099958,0.2766144621696357,-5.982609128351112,2.1959129012296154e-9,2.816133528048503e-7,A0A178UIK2,UNIPROT:A0A178UIK2
AT5G47950,742.9569081357812,-1.3329949842635735,0.20466348016050565,-6.513106213273532,7.361241942025769e-11,1.730735332015246e-8,Q9FGV4,UNIPROT:Q9FGV4
AT5G48100,24.789590860213533,-2.057605698051484,0.5823598762988834,-3.533220233386173,4.1053033224494086e-4,0.005653496112935058,A0A178U822,UNIPROT:A0A178U822
AT5G48110,194.8809005623191,-1.442362571929068,0.3002035633884994,-4.804615094000327,1.5504949082486581e-6,6.357706145768114e-5,Q9FI27,UNIPROT:Q9FI27
AT5G48430,113.15449084447933,-1.3358924979220483,0.281905943847317,-4.7387879790345275,2.1500031577983363e-6,8.33809643894609e-5,Q9LV70,UNIPROT:Q9LV70
AT5G48940,131.31887564386003,-1.7670874009353943,0.2843856146875802,-6.213701782618919,5.175070171554946e-10,8.588713885453433e-8,C0LGV1,UNIPROT:C0LGV1
AT5G49360,10820.772537741344,-1.1263614204858694,0.28151800327070803,-4.001028024494615,6.306788718499929e-5,0.0013278967179595328,Q0WL73,UNIPROT:Q0WL73
AT5G49660,475.74306987030906,-1.3445123322987897,0.29902286522545457,-4.496352916975317,6.9128960191578975e-6,2.2038273453165664e-4,Q9FGL5,UNIPROT:Q9FGL5
AT5G49690,214.9569749660357,-1.0669733290195407,0.2489524312533903,-4.2858522154119765,1.8203997868785464e-5,4.78701873237725e-4,Q9LTA3,UNIPROT:Q9LTA3
AT5G49770,240.68361875978252,-1.2745264873997626,0.28707880807981784,-4.439639748836494,9.01095866962029e-6,2.754163103881671e-4,Q9LT96,UNIPROT:Q9LT96
AT5G49780,88.83921678843083,-1.4601313080906784,0.39810109320675996,-3.667740011284864,2.447038144145754e-4,0.0037675373773201786,A0A1R7T3H0,UNIPROT:A0A1R7T3H0
AT5G50010,110.52758260470671,-1.2518052071280112,0.30023925283861835,-4.169358920570153,3.054576262307462e-5,7.358040642106909e-4,Q9FGB0,UNIPROT:Q9FGB0
AT5G50120,47.92578278045325,-1.4958031582812281,0.38269755740405437,-3.9085777511298567,9.284106889757334e-5,0.0017925712284748742,NA,NA
AT5G50300,51.735673774627365,-1.5583475850094748,0.3834371546292874,-4.064153841627862,4.8207023667748846e-5,0.001067792670465907,A0A1P8BH09,UNIPROT:A0A1P8BH09
AT5G50760,491.5052496056795,-1.1965215473939368,0.23528990497702476,-5.08530762299714,3.670306892476825e-7,2.0156325272529053e-5,Q9LUE5,UNIPROT:Q9LUE5
AT5G51105,33.987668112777925,-1.878135020091312,0.49581833749746,-3.787949896268073,1.518954704853053e-4,0.002613134652685843,F4KBU9,UNIPROT:F4KBU9
AT5G51160,123.57992402790389,-1.1804964233103905,0.30506538454734095,-3.869650517911178,1.0899147601514779e-4,0.0020082013103166537,Q9LU58,UNIPROT:Q9LU58
AT5G51500,54.710006558405496,-1.426949041483574,0.4090761436266343,-3.488223558658451,4.862413382210824e-4,0.006471080922752388,Q9FHN4,UNIPROT:Q9FHN4
AT5G52120,57.600044891011194,-1.7450567273454571,0.37695960521363636,-4.629293704710009,3.6691505054830776e-6,1.3041952135316306e-4,Q9FJ80,UNIPROT:Q9FJ80
AT5G52790,284.5768588044466,-1.7974711904684082,0.3627044767376893,-4.955745808917471,7.205336503435104e-7,3.4974548434200805e-5,A0A1P8BGS5,UNIPROT:A0A1P8BGS5
AT5G53190,178.25060682427292,-1.7910390768393334,0.3299408171083073,-5.4283646762364715,5.6872742797607066e-8,4.3221369619016465e-6,Q6NQN5,UNIPROT:Q6NQN5
AT5G53320,127.02692055275655,-1.376446468194987,0.2605736086892225,-5.282370978085616,1.2752264041947863e-7,8.591980647486722e-6,Q9FK10,UNIPROT:Q9FK10
AT5G53730,126.20384406144187,-1.0756994212667579,0.2897199365424689,-3.7128940248441458,2.04902701002531e-4,0.0032987581057975232,Q9FI03,UNIPROT:Q9FI03
AT5G54080,1156.248518551645,-1.0088689317645698,0.18352721664499386,-5.497108005054514,3.860702634516587e-8,3.215495172091287e-6,A0A178UDA7,UNIPROT:A0A178UDA7
AT5G54230,154.04669850017393,-1.5143112749930414,0.34604744817408545,-4.3760220830504135,1.2086477465474373e-5,3.4885407017036074e-4,Q9SPG6,UNIPROT:Q9SPG6
AT5G55170,77.48683349361286,-1.294683606208552,0.3435096106330786,-3.7689880170237053,0.00016391075561180906,0.0027816764397850693,A0A1P8BAE6,UNIPROT:A0A1P8BAE6
AT5G55970,428.0780195848217,-1.0685813386182266,0.1870425492958277,-5.713038785245337,1.1097637301463646e-8,1.1132656512503821e-6,A0A1P8BGW5,UNIPROT:A0A1P8BGW5
AT5G56100,457.72545034951037,-1.231912557846395,0.2860710200309764,-4.306317213512227,1.6599497187201848e-5,4.433931964642993e-4,Q9FKT7,UNIPROT:Q9FKT7
AT5G56320,219.68961492912882,-1.2956641585866309,0.29993583287926073,-4.319804493343751,1.561674925368158e-5,4.2570730362904215e-4,A0A1P8BHD2,UNIPROT:A0A1P8BHD2
AT5G56870,7107.114898267591,-1.3922747772056658,0.16320106135595366,-8.531039967742679,1.4503791262973945e-17,1.558881298078976e-14,Q9SCV8,UNIPROT:Q9SCV8
AT5G57350,525.5329636540469,-1.0540303718201096,0.20081599677848505,-5.248737096292102,1.5314544688536623e-7,9.820016709231821e-6,A0A1P8BD43,UNIPROT:A0A1P8BD43
AT5G57480,557.1984528876089,-1.0141586724835276,0.20490181825241927,-4.949485959339717,7.440974525212919e-7,3.596364796757619e-5,Q9FKM3,UNIPROT:Q9FKM3
AT5G57620,331.2689223111981,-1.0013688722239529,0.2544417384057354,-3.935552706479154,8.300544427955224e-5,0.0016391215072911406,Q9FKL2,UNIPROT:Q9FKL2
AT5G57685,777.4112650144116,-1.74054067398914,0.2366574816066723,-7.354682650100792,1.9138125008634127e-13,8.815645297344508e-11,Q9FHH5,UNIPROT:Q9FHH5
AT5G57840,156.31311736967396,-1.0394649503564304,0.2425333296983559,-4.285864345528246,1.8203004482185522e-5,4.78701873237725e-4,A0A178UL19,UNIPROT:A0A178UL19
AT5G58350,822.5753603549441,-1.147216380949681,0.2268237162543106,-5.057744401222326,4.2424453236006245e-7,2.2530878446821106e-5,Q9LVL5,UNIPROT:Q9LVL5
AT5G58860,40.90064457268056,-2.573778352419235,0.503671649113535,-5.110032214338647,3.2210388560015923e-7,1.8175517004702987e-5,P48422,UNIPROT:P48422
AT5G59080,369.4347119450221,-1.4956201007669347,0.2797923861515187,-5.345463903928383,9.018577002159502e-8,6.482748455915354e-6,NA,NA
AT5G59090,4615.418058003469,-1.4993905779314998,0.28764376693035043,-5.212664935981595,1.8614693623826585e-7,1.162509902268824e-5,F4KHS1,UNIPROT:F4KHS1
AT5G59260,52.31123710046545,-1.5831647879733974,0.4735019684017145,-3.343523139549561,8.272179496069206e-4,0.009802590281708714,Q9FIF1,UNIPROT:Q9FIF1
AT5G59520,1348.1208916872229,-1.4413626182136514,0.2290030742344676,-6.2940754093890225,3.0923747594057005e-10,5.410696953065587e-8,Q9LTH9,UNIPROT:Q9LTH9
AT5G59680,181.11054318294856,-1.5678219978894765,0.3556552798063396,-4.408262963910398,1.0420298050001746e-5,3.0744646704129335e-4,Q9FN93,UNIPROT:Q9FN93
AT5G59700,100.24552504344315,-1.0538951831895622,0.30314968097195466,-3.4764845531441,5.080334929382727e-4,0.006709668794095819,Q9FN92,UNIPROT:Q9FN92
AT5G59780,1291.3967372419909,-2.5327116347390595,0.284751929004663,-8.894449437417453,5.870963303304698e-19,7.794912512875903e-16,Q4JL84,UNIPROT:Q4JL84
AT5G59940,91.99315876760767,-1.469858744339462,0.29395761208764315,-5.000240456100947,5.725885918418379e-7,2.884798461263867e-5,NA,NA
AT5G60520,31.797716006815513,-2.205105025964617,0.45201962513046434,-4.878339132572326,1.0698286601180276e-6,4.78160449257901e-5,NA,NA
AT5G61250,137.7935034619727,-1.057482711741991,0.25025165327324117,-4.22567722494669,2.3822325169871e-5,5.961127510079361e-4,Q8L608,UNIPROT:Q8L608
AT5G62260,222.2143479274404,-1.0386900559613645,0.2128652022006698,-4.879567187229516,1.063189005094255e-6,4.772798992637554e-5,A0A178UM41,UNIPROT:A0A178UM41
AT5G62770,232.81160723243994,-1.2835305593279167,0.26410316405508644,-4.8599590388103,1.1741004274593892e-6,5.1613526779080746e-5,Q9FM16,UNIPROT:Q9FM16
AT5G63160,756.3671429897238,-2.2986364507125043,0.23504433737268018,-9.77958659377463,1.3777212181746206e-22,2.8269586923108513e-19,A0A1P8BEH5,UNIPROT:A0A1P8BEH5
AT5G63560,20.31542806500037,-2.4006385609894996,0.6423250522566474,-3.737420099925202,1.8591814310984725e-4,0.0030652727597752826,A0A178UIK4,UNIPROT:A0A178UIK4
AT5G63600,4136.822563222149,-1.0922468398726177,0.3245438617058163,-3.36548297087402,7.640978355982752e-4,0.009178527007604402,F4KAS3,UNIPROT:F4KAS3
AT5G63710,155.9319188737961,-1.09187193825426,0.2988959867542953,-3.6530163891153995,2.59177681935678e-4,0.003946223622517878,A0A1P8BC30,UNIPROT:A0A1P8BC30
AT5G63850,331.4189172803572,-1.8483685237884788,0.30150868229000094,-6.130398997965363,8.7658952909776975e-10,1.319033484084384e-7,Q9FN04,UNIPROT:Q9FN04
AT5G64100,5574.209192018671,-1.19608055997618,0.22155584112435026,-5.39855123614127,6.718118318644884e-8,5.021014853315684e-6,Q84M88,UNIPROT:Q84M88
AT5G64110,250.32220964550743,-1.5790583771929896,0.32811169886079095,-4.81256347358386,1.4900652466281733e-6,6.193786865864549e-5,Q9FMI7,UNIPROT:Q9FMI7
AT5G64120,2010.1280958875286,-1.2087054938906974,0.33388195387958636,-3.6201582021609164,2.9442294479927985e-4,0.004352747557474976,Q43387,UNIPROT:Q43387
AT5G64240,189.03460187316404,-1.3563635869739805,0.29568766154102305,-4.587149764400303,4.493383532123624e-6,1.5343443222929246e-4,C0Z2J9,UNIPROT:C0Z2J9
AT5G65040,260.28459387099537,-1.215686765347011,0.24746155948195497,-4.912628724606657,8.986334621226689e-7,4.182073375993971e-5,Q9LV75,UNIPROT:Q9LV75
AT5G65210,1636.6435069293366,-1.2724397829319212,0.17825429023346737,-7.138340296131732,9.44645372747447e-13,3.692010746394545e-10,A8MQK5,UNIPROT:A8MQK5
AT5G65660,4808.741785522239,-1.0572125263468382,0.3105910929810158,-3.403872648760916,6.643772083573589e-4,0.008216798887580246,A0A178UKR4,UNIPROT:A0A178UKR4
AT5G65790,117.23320361286707,-1.1072484484741791,0.3018457194195089,-3.6682595685092743,2.442071921061411e-4,0.0037624577017253994,O49538,UNIPROT:O49538
AT5G65970,418.04829421216283,-1.4727976049794782,0.3015989680636339,-4.883297892016444,1.043260765691646e-6,4.709487748485228e-5,A0A178UFT3,UNIPROT:A0A178UFT3
AT5G65980,195.88784125885428,-1.185230807914828,0.28014448292931066,-4.230784042296843,2.328781712450114e-5,5.853333188386583e-4,A0A1P8BD12,UNIPROT:A0A1P8BD12
AT5G66390,1760.4032235875022,-1.0510167508927168,0.3048239215631815,-3.447947082049695,5.648646954807058e-4,0.007252310035093862,Q9FJZ9,UNIPROT:Q9FJZ9
AT5G66490,342.0318195336324,-1.0779927549124955,0.28912202112403823,-3.728504493436764,1.926194749680656e-4,0.0031527296370588895,Q9FJZ0,UNIPROT:Q9FJZ0
ATCG01300,1490.9623991402054,-1.1076509062238635,0.23590748633895042,-4.695276624805359,2.662461727950714e-6,9.999072156668147e-5,P61845,UNIPROT:P61845
